user_id,post_id,is_click,interest_score,user_post_count,user_first_post_date,user_account_age_days,post_title,post_tags,post_creation_date,post_age_days,post_title_length,post_tag_count
34,5,1,0.0,3.0,2014-05-16 16:25:58.250000,4077.0,How can I do simple machine learning without hard-coding behavior?,['machine-learning'],2014-05-13 23:58:30.457000,4079.0,66.0,1.0
51,7,1,0.0,3.0,2014-05-14 00:36:31.077000,4079.0,What open-source books (or other materials) provide a relatively thorough overview of data science?,['education'],2014-05-14 00:11:06.457000,4079.0,99.0,1.0
66,7,1,0.0,2.0,2014-05-14 01:25:59.677000,4079.0,What open-source books (or other materials) provide a relatively thorough overview of data science?,['education'],2014-05-14 00:11:06.457000,4079.0,99.0,1.0
36,7,1,0.0,3.0,2014-05-14 00:11:06.457000,4079.0,What open-source books (or other materials) provide a relatively thorough overview of data science?,['education'],2014-05-14 00:11:06.457000,4079.0,99.0,1.0
158,7,1,0.0,10.0,2014-05-14 17:48:21.240000,4079.0,What open-source books (or other materials) provide a relatively thorough overview of data science?,['education'],2014-05-14 00:11:06.457000,4079.0,99.0,1.0
24,10,1,0.0,2.0,2014-10-02 08:58:18.340000,3938.0,0,[],2014-05-14 00:53:43.273000,4079.0,0.0,0.0
53,14,1,0.0,7.0,2014-05-14 07:56:34.437000,4079.0,Is Data Science the Same as Data Mining?,['data-mining'],2014-05-14 01:25:59.677000,4079.0,40.0,1.0
51,15,1,0.0,3.0,2014-05-14 00:36:31.077000,4079.0,What are the advantages and disadvantages of SQL versus NoSQL in data science?,['databases'],2014-05-14 01:41:23.110000,4079.0,78.0,1.0
115,19,1,0.0,4.0,2014-05-14 07:38:31.103000,4079.0,How big is big data?,"['bigdata', 'efficiency']",2014-05-14 03:56:20.963000,4079.0,20.0,2.0
471,19,1,0.0,65.0,2014-06-11 17:24:53.610000,4051.0,How big is big data?,"['bigdata', 'efficiency']",2014-05-14 03:56:20.963000,4079.0,20.0,2.0
9237,19,1,0.0,0.0,0,0.0,How big is big data?,"['bigdata', 'efficiency']",2014-05-14 03:56:20.963000,4079.0,20.0,2.0
2723,19,1,0.0,32.0,2014-12-05 15:29:04.743000,3874.0,How big is big data?,"['bigdata', 'efficiency']",2014-05-14 03:56:20.963000,4079.0,20.0,2.0
21825,19,1,0.0,3.0,2016-07-26 14:21:19.897000,3275.0,How big is big data?,"['bigdata', 'efficiency']",2014-05-14 03:56:20.963000,4079.0,20.0,2.0
70,20,1,0.0,1.0,2014-05-17 04:18:10.020000,4076.0,"The data in our relational DBMS is getting big, is it the time to move to NoSQL?",['nosql'],2014-05-14 05:37:46.780000,4079.0,80.0,1.0
14,21,1,0.0,11.0,2014-05-14 05:44:29.340000,4079.0,0,[],2014-05-14 05:44:29.340000,4079.0,0.0,0.0
21,22,1,0.0,171.0,2014-05-14 12:32:29.503000,4079.0,K-Means clustering for mixed numeric and categorical data,"['data-mining', 'octave', 'categorical-data']",2014-05-14 05:58:21.927000,4079.0,57.0,3.0
nan,22,1,0.0,0.0,0,0.0,K-Means clustering for mixed numeric and categorical data,"['data-mining', 'octave', 'categorical-data']",2014-05-14 05:58:21.927000,4079.0,57.0,3.0
50468,22,1,0.0,0.0,0,0.0,K-Means clustering for mixed numeric and categorical data,"['data-mining', 'octave', 'categorical-data']",2014-05-14 05:58:21.927000,4079.0,57.0,3.0
92,24,1,0.0,7.0,2014-05-15 21:41:22.703000,4077.0,0,[],2014-05-14 06:26:27.163000,4079.0,0.0,0.0
14,24,1,0.0,11.0,2014-05-14 05:44:29.340000,4079.0,0,[],2014-05-14 06:26:27.163000,4079.0,0.0,0.0
554,24,1,0.0,4.0,2014-06-12 16:52:46.557000,4050.0,0,[],2014-05-14 06:26:27.163000,4079.0,0.0,0.0
1155,24,1,0.0,11.0,2014-06-24 15:44:52.540000,4038.0,0,[],2014-05-14 06:26:27.163000,4079.0,0.0,0.0
3571,24,1,0.0,0.0,0,0.0,0,[],2014-05-14 06:26:27.163000,4079.0,0.0,0.0
18481,24,1,0.0,5.0,2017-12-01 23:23:17.920000,2781.0,0,[],2014-05-14 06:26:27.163000,4079.0,0.0,0.0
322,30,1,0.0,4.0,2014-06-16 19:48:31.797000,4045.0,0,[],2014-05-14 08:03:28.117000,4079.0,0.0,0.0
10220,30,1,0.0,0.0,0,0.0,0,[],2014-05-14 08:03:28.117000,4079.0,0.0,0.0
120,31,1,0.0,0.0,0,0.0,Clustering customer data stored in ElasticSearch,['data-mining'],2014-05-14 08:38:07.007000,4079.0,48.0,1.0
118,31,1,0.0,9.0,2014-05-14 07:55:40.133000,4079.0,Clustering customer data stored in ElasticSearch,['data-mining'],2014-05-14 08:38:07.007000,4079.0,48.0,1.0
84,37,1,0.0,25.0,2014-05-14 03:56:20.963000,4079.0,0,[],2014-05-14 10:41:23.823000,4079.0,0.0,0.0
157,37,1,0.0,1.0,2014-05-14 15:25:21.700000,4079.0,0,[],2014-05-14 10:41:23.823000,4079.0,0.0,0.0
6391,37,1,0.0,16.0,2014-12-12 00:13:10.680000,3867.0,0,[],2014-05-14 10:41:23.823000,4079.0,0.0,0.0
13686,37,1,0.0,24.0,2015-10-26 14:22:36.297000,3549.0,0,[],2014-05-14 10:41:23.823000,4079.0,0.0,0.0
471,38,1,0.0,65.0,2014-06-11 17:24:53.610000,4051.0,What is the difference between Hadoop and noSQL,"['nosql', 'processing']",2014-05-14 10:44:58.933000,4079.0,47.0,2.0
134,38,1,0.0,1.0,2014-05-14 10:44:58.933000,4079.0,What is the difference between Hadoop and noSQL,"['nosql', 'processing']",2014-05-14 10:44:58.933000,4079.0,47.0,2.0
92,41,1,0.0,7.0,2014-05-15 21:41:22.703000,4077.0,Is the R language suitable for Big Data,['bigdata'],2014-05-14 11:15:40.907000,4079.0,39.0,1.0
413,44,1,0.0,4.0,2015-11-09 23:11:48.677000,3534.0,0,[],2014-05-14 11:24:39.530000,4079.0,0.0,0.0
434,44,1,0.0,36.0,2014-06-10 01:40:23.263000,4052.0,0,[],2014-05-14 11:24:39.530000,4079.0,0.0,0.0
13023,44,1,0.0,49.0,2015-09-27 05:24:24.880000,3578.0,0,[],2014-05-14 11:24:39.530000,4079.0,0.0,0.0
63,46,1,0.0,2.0,2014-05-14 01:57:56.880000,4079.0,0,[],2014-05-14 12:32:29.503000,4079.0,0.0,0.0
41,46,1,0.0,0.0,0,0.0,0,[],2014-05-14 12:32:29.503000,4079.0,0.0,0.0
21,46,1,0.0,171.0,2014-05-14 12:32:29.503000,4079.0,0,[],2014-05-14 12:32:29.503000,4079.0,0.0,0.0
1155,47,1,0.0,11.0,2014-06-24 15:44:52.540000,4038.0,0,[],2014-05-14 12:39:41.197000,4079.0,0.0,0.0
471,50,1,0.0,65.0,2014-06-11 17:24:53.610000,4051.0,Running an R script programmatically,"['r', 'efficiency']",2014-05-14 14:26:54.313000,4079.0,36.0,2.0
151,51,1,0.0,2.0,2014-05-14 14:26:54.313000,4079.0,0,[],2014-05-14 14:48:32.180000,4079.0,0.0,0.0
62,51,1,0.0,4.0,2014-05-14 12:39:41.197000,4079.0,0,[],2014-05-14 14:48:32.180000,4079.0,0.0,0.0
146,52,1,0.0,0.0,0,0.0,Organized processes to clean data,['r'],2014-05-14 15:25:21.700000,4079.0,33.0,1.0
116,52,1,0.0,2.0,2014-05-14 15:42:02.393000,4079.0,Organized processes to clean data,['r'],2014-05-14 15:25:21.700000,4079.0,33.0,1.0
146,57,1,0.0,0.0,0,0.0,0,[],2014-05-14 16:29:39.927000,4079.0,0.0,0.0
84,57,1,0.0,25.0,2014-05-14 03:56:20.963000,4079.0,0,[],2014-05-14 16:29:39.927000,4079.0,0.0,0.0
1156,57,1,0.0,21.0,2014-08-04 19:28:38.173000,3996.0,0,[],2014-05-14 16:29:39.927000,4079.0,0.0,0.0
63,58,1,0.0,2.0,2014-05-14 01:57:56.880000,4079.0,0,[],2014-05-14 17:06:33.337000,4079.0,0.0,0.0
227,59,1,0.0,7.0,2014-05-18 12:03:21.650000,4075.0,What are R's memory constraints?,['apache-hadoop'],2014-05-14 17:48:21.240000,4079.0,32.0,1.0
21,61,1,0.0,171.0,2014-05-14 12:32:29.503000,4079.0,Why Is Overfitting Bad in Machine Learning?,['machine-learning'],2014-05-14 18:09:01.940000,4079.0,43.0,1.0
158,61,1,0.0,10.0,2014-05-14 17:48:21.240000,4079.0,Why Is Overfitting Bad in Machine Learning?,['machine-learning'],2014-05-14 18:09:01.940000,4079.0,43.0,1.0
762,61,1,0.0,0.0,0,0.0,Why Is Overfitting Bad in Machine Learning?,['machine-learning'],2014-05-14 18:09:01.940000,4079.0,43.0,1.0
675,61,1,0.0,0.0,0,0.0,Why Is Overfitting Bad in Machine Learning?,['machine-learning'],2014-05-14 18:09:01.940000,4079.0,43.0,1.0
48984,61,1,0.0,0.0,0,0.0,Why Is Overfitting Bad in Machine Learning?,['machine-learning'],2014-05-14 18:09:01.940000,4079.0,43.0,1.0
157,69,1,0.0,1.0,2014-05-14 15:25:21.700000,4079.0,Is it possible to automate generating reproducibility documentation?,['processing'],2014-05-14 20:03:15.233000,4078.0,68.0,1.0
158,69,1,0.0,10.0,2014-05-14 17:48:21.240000,4079.0,Is it possible to automate generating reproducibility documentation?,['processing'],2014-05-14 20:03:15.233000,4078.0,68.0,1.0
158,70,1,0.0,10.0,2014-05-14 17:48:21.240000,4079.0,0,[],2014-05-14 22:03:50.597000,4078.0,0.0,0.0
178,70,1,0.0,15.0,2014-05-14 22:03:50.597000,4078.0,0,[],2014-05-14 22:03:50.597000,4078.0,0.0,0.0
36,71,1,0.0,3.0,2014-05-14 00:11:06.457000,4079.0,When are p-values deceptive?,['bigdata'],2014-05-14 22:12:37.203000,4078.0,28.0,1.0
24,71,1,0.0,2.0,2014-10-02 08:58:18.340000,3938.0,When are p-values deceptive?,['bigdata'],2014-05-14 22:12:37.203000,4078.0,28.0,1.0
26,71,1,0.0,26.0,2014-05-14 08:03:28.117000,4079.0,When are p-values deceptive?,['bigdata'],2014-05-14 22:12:37.203000,4078.0,28.0,1.0
91724,71,1,0.0,53.0,2020-03-15 06:32:41.220000,1947.0,When are p-values deceptive?,['bigdata'],2014-05-14 22:12:37.203000,4078.0,28.0,1.0
115,76,1,0.0,4.0,2014-05-14 07:38:31.103000,4079.0,"Which Big Data technology stack is most suitable for processing tweets, extracting/expanding URLs and pushing (only) new links into 3rd party system?","['bigdata', 'data-stream-mining']",2014-05-15 00:39:33.433000,4078.0,149.0,2.0
59,76,1,0.0,6.0,2014-05-14 11:21:31.500000,4079.0,"Which Big Data technology stack is most suitable for processing tweets, extracting/expanding URLs and pushing (only) new links into 3rd party system?","['bigdata', 'data-stream-mining']",2014-05-15 00:39:33.433000,4078.0,149.0,2.0
158,76,1,0.0,10.0,2014-05-14 17:48:21.240000,4079.0,"Which Big Data technology stack is most suitable for processing tweets, extracting/expanding URLs and pushing (only) new links into 3rd party system?","['bigdata', 'data-stream-mining']",2014-05-15 00:39:33.433000,4078.0,149.0,2.0
118,76,1,0.0,9.0,2014-05-14 07:55:40.133000,4079.0,"Which Big Data technology stack is most suitable for processing tweets, extracting/expanding URLs and pushing (only) new links into 3rd party system?","['bigdata', 'data-stream-mining']",2014-05-15 00:39:33.433000,4078.0,149.0,2.0
249,84,1,0.0,1.0,2014-05-20 22:14:02.927000,4072.0,0,[],2014-05-15 08:19:40.577000,4078.0,0.0,0.0
178,85,1,0.0,15.0,2014-05-14 22:03:50.597000,4078.0,0,[],2014-05-15 08:44:47.327000,4078.0,0.0,0.0
189,91,1,0.0,1.0,2014-05-15 11:22:27.293000,4078.0,0,[],2014-05-15 11:56:43.607000,4078.0,0.0,0.0
84,91,1,0.0,25.0,2014-05-14 03:56:20.963000,4079.0,0,[],2014-05-15 11:56:43.607000,4078.0,0.0,0.0
189,92,1,0.0,1.0,2014-05-15 11:22:27.293000,4078.0,0,[],2014-05-15 13:18:38.693000,4078.0,0.0,0.0
21,92,1,0.0,171.0,2014-05-14 12:32:29.503000,4079.0,0,[],2014-05-15 13:18:38.693000,4078.0,0.0,0.0
116,93,1,0.0,2.0,2014-05-14 15:42:02.393000,4079.0,0,[],2014-05-15 13:30:04.270000,4078.0,0.0,0.0
25345,97,1,0.0,5.0,2017-12-16 15:47:39.437000,2767.0,0,[],2014-05-15 17:14:36.817000,4078.0,0.0,0.0
116,101,1,0.0,2.0,2014-05-14 15:42:02.393000,4079.0,0,[],2014-05-15 21:41:22.703000,4077.0,0.0,0.0
92,101,1,0.0,7.0,2014-05-15 21:41:22.703000,4077.0,0,[],2014-05-15 21:41:22.703000,4077.0,0.0,0.0
115,102,1,0.0,4.0,2014-05-14 07:38:31.103000,4079.0,What is the Best NoSQL backend for a mobile game,['nosql'],2014-05-16 05:09:33.557000,4077.0,48.0,1.0
178,102,1,0.0,15.0,2014-05-14 22:03:50.597000,4078.0,What is the Best NoSQL backend for a mobile game,['nosql'],2014-05-16 05:09:33.557000,4077.0,48.0,1.0
70,102,1,0.0,1.0,2014-05-17 04:18:10.020000,4076.0,What is the Best NoSQL backend for a mobile game,['nosql'],2014-05-16 05:09:33.557000,4077.0,48.0,1.0
156,103,1,0.0,6.0,2014-05-15 11:46:38.170000,4078.0,Clustering based on similarity scores,"['clustering', 'similarity']",2014-05-16 14:26:12.270000,4077.0,37.0,2.0
92,103,1,0.0,7.0,2014-05-15 21:41:22.703000,4077.0,Clustering based on similarity scores,"['clustering', 'similarity']",2014-05-16 14:26:12.270000,4077.0,37.0,2.0
113,103,1,0.0,3.0,2014-05-16 14:26:12.270000,4077.0,Clustering based on similarity scores,"['clustering', 'similarity']",2014-05-16 14:26:12.270000,4077.0,37.0,2.0
31,103,1,0.0,0.0,0,0.0,Clustering based on similarity scores,"['clustering', 'similarity']",2014-05-16 14:26:12.270000,4077.0,37.0,2.0
8098,111,1,0.0,0.0,0,0.0,0,[],2014-05-17 03:07:59.707000,4076.0,0.0,0.0
200,112,1,0.0,3.0,2014-05-16 20:07:50.983000,4076.0,0,[],2014-05-17 04:18:10.020000,4076.0,0.0,0.0
211,113,1,0.0,0.0,0,0.0,When a relational database has better performance than a no relational,"['bigdata', 'databases']",2014-05-17 04:53:03.913000,4076.0,70.0,2.0
172,113,1,0.0,17.0,2014-05-15 05:19:34.757000,4078.0,When a relational database has better performance than a no relational,"['bigdata', 'databases']",2014-05-17 04:53:03.913000,4076.0,70.0,2.0
173,115,1,0.0,15.0,2014-05-17 09:16:18.823000,4076.0,Is there any APIs for crawling abstract of paper?,['data-mining'],2014-05-17 08:45:08.420000,4076.0,49.0,1.0
212,115,1,0.0,1.0,2014-05-17 08:45:08.420000,4076.0,Is there any APIs for crawling abstract of paper?,['data-mining'],2014-05-17 08:45:08.420000,4076.0,49.0,1.0
92,116,1,0.0,7.0,2014-05-15 21:41:22.703000,4077.0,Machine learning techniques for estimating users' age based on Facebook sites they like,"['machine-learning', 'python']",2014-05-17 09:16:18.823000,4076.0,87.0,2.0
173,116,1,0.0,15.0,2014-05-17 09:16:18.823000,4076.0,Machine learning techniques for estimating users' age based on Facebook sites they like,"['machine-learning', 'python']",2014-05-17 09:16:18.823000,4076.0,87.0,2.0
212,120,1,0.0,1.0,2014-05-17 08:45:08.420000,4076.0,0,[],2014-05-17 18:15:11.937000,4075.0,0.0,0.0
173,121,1,0.0,15.0,2014-05-17 09:16:18.823000,4076.0,0,[],2014-05-17 18:53:30.123000,4075.0,0.0,0.0
92,121,1,0.0,7.0,2014-05-15 21:41:22.703000,4077.0,0,[],2014-05-17 18:53:30.123000,4075.0,0.0,0.0
nan,126,1,0.0,0.0,0,0.0,0,[],2014-05-17 23:53:42.700000,4075.0,0.0,0.0
7848,128,1,0.0,11.0,2015-06-06 07:00:13.363000,3691.0,Latent Dirichlet Allocation vs Hierarchical Dirichlet Process,"['nlp', 'lda']",2014-05-18 06:10:52.543000,4075.0,61.0,2.0
51362,129,1,0.0,0.0,0,0.0,What is generative and discriminative model? How are they used in Natural Language Processing?,['nlp'],2014-05-18 06:17:37.587000,4075.0,94.0,1.0
890,132,1,0.0,6.0,2014-06-16 18:08:38.623000,4046.0,0,[],2014-05-18 07:53:58.203000,4075.0,0.0,0.0
816,132,1,0.0,24.0,2014-06-29 12:48:08.840000,4033.0,0,[],2014-05-18 07:53:58.203000,4075.0,0.0,0.0
24837,132,1,0.0,2.0,2016-10-03 20:53:14.283000,3205.0,0,[],2014-05-18 07:53:58.203000,4075.0,0.0,0.0
118,134,1,0.0,9.0,2014-05-14 07:55:40.133000,4079.0,Can map-reduce algorithms written for MongoDB be ported to Hadoop later?,"['scalability', 'map-reduce']",2014-05-18 12:03:21.650000,4075.0,72.0,2.0
236,135,1,0.0,1.0,2016-07-21 14:12:39.533000,3280.0,0,[],2014-05-18 12:30:06.853000,4075.0,0.0,0.0
227,135,1,0.0,7.0,2014-05-18 12:03:21.650000,4075.0,0,[],2014-05-18 12:30:06.853000,4075.0,0.0,0.0
158,135,1,0.0,10.0,2014-05-14 17:48:21.240000,4079.0,0,[],2014-05-18 12:30:06.853000,4075.0,0.0,0.0
598,135,1,0.0,0.0,0,0.0,0,[],2014-05-18 12:30:06.853000,4075.0,0.0,0.0
10663,135,1,0.0,5.0,2015-10-16 17:33:33.103000,3559.0,0,[],2014-05-18 12:30:06.853000,4075.0,0.0,0.0
227,138,1,0.0,7.0,2014-05-18 12:03:21.650000,4075.0,Why is it hard to grant efficiency while using libraries?,"['bigdata', 'performance']",2014-05-18 14:02:51.350000,4075.0,57.0,2.0
84,138,1,0.0,25.0,2014-05-14 03:56:20.963000,4079.0,Why is it hard to grant efficiency while using libraries?,"['bigdata', 'performance']",2014-05-18 14:02:51.350000,4075.0,57.0,2.0
200,140,1,0.0,3.0,2014-05-16 20:07:50.983000,4076.0,0,[],2014-05-18 14:30:10.553000,4075.0,0.0,0.0
216,155,1,0.0,0.0,0,0.0,Publicly Available Datasets,['open-source'],2014-05-18 18:45:38.957000,4074.0,27.0,1.0
227,155,1,0.0,7.0,2014-05-18 12:03:21.650000,4075.0,Publicly Available Datasets,['open-source'],2014-05-18 18:45:38.957000,4074.0,27.0,1.0
289,155,1,0.0,6.0,2014-06-23 11:03:09.767000,4039.0,Publicly Available Datasets,['open-source'],2014-05-18 18:45:38.957000,4074.0,27.0,1.0
9146,155,1,0.0,3.0,2015-04-16 19:02:45.040000,3741.0,Publicly Available Datasets,['open-source'],2014-05-18 18:45:38.957000,4074.0,27.0,1.0
3466,155,1,0.0,28.0,2014-09-29 17:46:58.617000,3941.0,Publicly Available Datasets,['open-source'],2014-05-18 18:45:38.957000,4074.0,27.0,1.0
10133,155,1,0.0,0.0,0,0.0,Publicly Available Datasets,['open-source'],2014-05-18 18:45:38.957000,4074.0,27.0,1.0
10319,155,1,0.0,1.0,2015-08-22 14:10:12.447000,3614.0,Publicly Available Datasets,['open-source'],2014-05-18 18:45:38.957000,4074.0,27.0,1.0
8820,155,1,0.0,224.0,2015-03-25 19:45:31.320000,3763.0,Publicly Available Datasets,['open-source'],2014-05-18 18:45:38.957000,4074.0,27.0,1.0
51948,155,1,0.0,0.0,0,0.0,Publicly Available Datasets,['open-source'],2014-05-18 18:45:38.957000,4074.0,27.0,1.0
43,156,1,0.0,1.0,2014-05-29 19:02:13.210000,4063.0,0,[],2014-05-18 19:19:44.240000,4074.0,0.0,0.0
84,159,1,0.0,25.0,2014-05-14 03:56:20.963000,4079.0,Is Data Science just a trend or is a long term concept?,"['bigdata', 'databases', 'education']",2014-05-18 19:46:44.653000,4074.0,55.0,3.0
158,159,1,0.0,10.0,2014-05-14 17:48:21.240000,4079.0,Is Data Science just a trend or is a long term concept?,"['bigdata', 'databases', 'education']",2014-05-18 19:46:44.653000,4074.0,55.0,3.0
229,159,1,0.0,9.0,2014-05-18 14:37:20.477000,4075.0,Is Data Science just a trend or is a long term concept?,"['bigdata', 'databases', 'education']",2014-05-18 19:46:44.653000,4074.0,55.0,3.0
84,161,1,0.0,25.0,2014-05-14 03:56:20.963000,4079.0,0,[],2014-05-18 21:25:29.040000,4074.0,0.0,0.0
21,161,1,0.0,171.0,2014-05-14 12:32:29.503000,4079.0,0,[],2014-05-18 21:25:29.040000,4074.0,0.0,0.0
229,165,1,0.0,9.0,2014-05-18 14:37:20.477000,4075.0,0,[],2014-05-19 08:46:47.683000,4074.0,0.0,0.0
6550,170,1,0.0,65.0,2014-12-24 13:46:47.367000,3855.0,0,[],2014-05-19 18:08:32.327000,4074.0,0.0,0.0
84,170,1,0.0,25.0,2014-05-14 03:56:20.963000,4079.0,0,[],2014-05-19 18:08:32.327000,4074.0,0.0,0.0
1023,172,1,0.0,0.0,0,0.0,Is there a straightforward way to run pandas.DataFrame.isin in parallel?,"['performance', 'pandas']",2014-05-19 23:59:58.070000,4073.0,72.0,2.0
1330,172,1,0.0,1494.0,2014-12-01 00:23:30.580000,3878.0,Is there a straightforward way to run pandas.DataFrame.isin in parallel?,"['performance', 'pandas']",2014-05-19 23:59:58.070000,4073.0,72.0,2.0
92,174,1,0.0,7.0,2014-05-15 21:41:22.703000,4077.0,0,[],2014-05-20 09:24:30.697000,4073.0,0.0,0.0
178,174,1,0.0,15.0,2014-05-14 22:03:50.597000,4078.0,0,[],2014-05-20 09:24:30.697000,4073.0,0.0,0.0
172,174,1,0.0,17.0,2014-05-15 05:19:34.757000,4078.0,0,[],2014-05-20 09:24:30.697000,4073.0,0.0,0.0
84,175,1,0.0,25.0,2014-05-14 03:56:20.963000,4079.0,Can metadata be used to adapt parsing for an unescaped in field use of the delimiter?,['metadata'],2014-05-20 22:14:02.927000,4072.0,85.0,1.0
227,175,1,0.0,7.0,2014-05-18 12:03:21.650000,4075.0,Can metadata be used to adapt parsing for an unescaped in field use of the delimiter?,['metadata'],2014-05-20 22:14:02.927000,4072.0,85.0,1.0
249,175,1,0.0,1.0,2014-05-20 22:14:02.927000,4072.0,Can metadata be used to adapt parsing for an unescaped in field use of the delimiter?,['metadata'],2014-05-20 22:14:02.927000,4072.0,85.0,1.0
173,179,1,0.0,15.0,2014-05-17 09:16:18.823000,4076.0,0,[],2014-05-21 07:09:20.093000,4072.0,0.0,0.0
97,179,1,0.0,46.0,2014-05-14 05:58:21.927000,4079.0,0,[],2014-05-21 07:09:20.093000,4072.0,0.0,0.0
227,179,1,0.0,7.0,2014-05-18 12:03:21.650000,4075.0,0,[],2014-05-21 07:09:20.093000,4072.0,0.0,0.0
249,182,1,0.0,1.0,2014-05-20 22:14:02.927000,4072.0,0,[],2014-05-21 07:19:32.297000,4072.0,0.0,0.0
173,183,1,0.0,15.0,2014-05-17 09:16:18.823000,4076.0,0,[],2014-05-21 10:53:26.870000,4072.0,0.0,0.0
434,188,1,0.0,36.0,2014-06-10 01:40:23.263000,4052.0,0,[],2014-05-21 16:13:25.590000,4072.0,0.0,0.0
2452,189,1,0.0,90.0,2014-07-11 09:49:32.933000,4021.0,Open source solver for large mixed integer programming task?,"['r', 'parallel']",2014-05-21 19:41:19.857000,4071.0,60.0,2.0
90502,190,1,0.0,0.0,0,0.0,0,[],2014-05-22 12:14:49.727000,4071.0,0.0,0.0
11,191,1,0.0,3.0,2014-06-10 07:42:57.470000,4052.0,Multi layer back propagation Neural network for classification,['neural-network'],2014-05-22 13:36:24.120000,4071.0,62.0,1.0
84,191,1,0.0,25.0,2014-05-14 03:56:20.963000,4079.0,Multi layer back propagation Neural network for classification,['neural-network'],2014-05-22 13:36:24.120000,4071.0,62.0,1.0
275,197,1,0.0,1.0,2014-05-22 21:47:26.980000,4070.0,0,[],2014-05-22 21:54:05.660000,4070.0,0.0,0.0
375,197,1,0.0,7.0,2014-06-06 14:55:18.867000,4056.0,0,[],2014-05-22 21:54:05.660000,4070.0,0.0,0.0
17777,199,1,0.0,1.0,2017-04-27 16:14:50.870000,3000.0,What does the alpha and beta hyperparameters contribute to in Latent Dirichlet allocation?,"['topic-model', 'parameter']",2014-05-23 06:25:50.480000,4070.0,90.0,2.0
117481,199,1,0.0,0.0,0,0.0,What does the alpha and beta hyperparameters contribute to in Latent Dirichlet allocation?,"['topic-model', 'parameter']",2014-05-23 06:25:50.480000,4070.0,90.0,2.0
84,200,1,0.0,25.0,2014-05-14 03:56:20.963000,4079.0,0,[],2014-05-23 08:34:38.900000,4070.0,0.0,0.0
84,202,1,0.0,25.0,2014-05-14 03:56:20.963000,4079.0,0,[],2014-05-23 13:47:54.603000,4070.0,0.0,0.0
50,203,1,0.0,0.0,0,0.0,0,[],2014-05-23 14:28:41.563000,4070.0,0.0,0.0
265,203,1,0.0,1.0,2014-05-23 14:28:41.563000,4070.0,0,[],2014-05-23 14:28:41.563000,4070.0,0.0,0.0
92,204,1,0.0,7.0,2014-05-15 21:41:22.703000,4077.0,0,[],2014-05-23 19:28:01.903000,4069.0,0.0,0.0
250,204,1,0.0,6.0,2014-05-19 23:59:58.070000,4073.0,0,[],2014-05-23 19:28:01.903000,4069.0,0.0,0.0
403,208,1,0.0,7.0,2014-06-09 21:51:53.793000,4052.0,0,[],2014-05-24 11:18:26.497000,4069.0,0.0,0.0
92,209,1,0.0,7.0,2014-05-15 21:41:22.703000,4077.0,How should one deal with implicit data in recommendation,['recommender-system'],2014-05-25 13:57:52.657000,4068.0,56.0,1.0
159,209,1,0.0,3.0,2014-06-23 03:44:57.643000,4039.0,How should one deal with implicit data in recommendation,['recommender-system'],2014-05-25 13:57:52.657000,4068.0,56.0,1.0
131148,210,1,0.0,0.0,0,0.0,0,[],2014-05-26 04:07:32.390000,4067.0,0.0,0.0
92,212,1,0.0,7.0,2014-05-15 21:41:22.703000,4077.0,0,[],2014-05-27 10:58:00.620000,4066.0,0.0,0.0
295,213,1,0.0,3.0,2014-05-27 10:41:33.220000,4066.0,0,[],2014-05-27 12:07:45.920000,4066.0,0.0,0.0
59,213,1,0.0,6.0,2014-05-14 11:21:31.500000,4079.0,0,[],2014-05-27 12:07:45.920000,4066.0,0.0,0.0
156,213,1,0.0,6.0,2014-05-15 11:46:38.170000,4078.0,0,[],2014-05-27 12:07:45.920000,4066.0,0.0,0.0
297,216,1,0.0,0.0,0,0.0,0,[],2014-05-28 07:08:05.393000,4065.0,0.0,0.0
471,218,1,0.0,65.0,2014-06-11 17:24:53.610000,4051.0,built-in cov in pandas DataFrame results ValueError array is too big,['python'],2014-05-29 13:08:09.060000,4064.0,68.0,1.0
273,220,1,0.0,3.0,2014-05-22 13:36:24.120000,4071.0,0,[],2014-05-29 14:13:00.317000,4064.0,0.0,0.0
250,220,1,0.0,6.0,2014-05-19 23:59:58.070000,4073.0,0,[],2014-05-29 14:13:00.317000,4064.0,0.0,0.0
1155,221,1,0.0,11.0,2014-06-24 15:44:52.540000,4038.0,0,[],2014-05-29 14:30:21.357000,4064.0,0.0,0.0
318,223,1,0.0,0.0,0,0.0,How to annotate text documents with meta-data?,"['nlp', 'data-cleaning']",2014-05-29 20:11:16.327000,4063.0,46.0,2.0
216,223,1,0.0,0.0,0,0.0,How to annotate text documents with meta-data?,"['nlp', 'data-cleaning']",2014-05-29 20:11:16.327000,4063.0,46.0,2.0
227,223,1,0.0,7.0,2014-05-18 12:03:21.650000,4075.0,How to annotate text documents with meta-data?,"['nlp', 'data-cleaning']",2014-05-29 20:11:16.327000,4063.0,46.0,2.0
387,223,1,0.0,4.0,2014-06-16 13:25:48.453000,4046.0,How to annotate text documents with meta-data?,"['nlp', 'data-cleaning']",2014-05-29 20:11:16.327000,4063.0,46.0,2.0
227,224,1,0.0,7.0,2014-05-18 12:03:21.650000,4075.0,How to get phrase tables from word alignments?,['machine-translation'],2014-05-31 14:28:42.317000,4062.0,46.0,1.0
122,224,1,0.0,24.0,2014-05-18 06:10:52.543000,4075.0,How to get phrase tables from word alignments?,['machine-translation'],2014-05-31 14:28:42.317000,4062.0,46.0,1.0
339,229,1,0.0,3.0,2014-06-01 10:25:51.163000,4061.0,0,[],2014-06-01 19:48:41.693000,4060.0,0.0,0.0
21,229,1,0.0,171.0,2014-05-14 12:32:29.503000,4079.0,0,[],2014-06-01 19:48:41.693000,4060.0,0.0,0.0
133,232,1,0.0,14.0,2014-05-21 15:12:18.980000,4072.0,0,[],2014-06-06 14:55:18.867000,4056.0,0.0,0.0
375,232,1,0.0,7.0,2014-06-06 14:55:18.867000,4056.0,0,[],2014-06-06 14:55:18.867000,4056.0,0.0,0.0
62,234,1,0.0,4.0,2014-05-14 12:39:41.197000,4079.0,"Data science Ph.D. program, what do you think?",['knowledge-base'],2014-06-09 04:43:03.497000,4053.0,46.0,1.0
471,235,1,0.0,65.0,2014-06-11 17:24:53.610000,4051.0,Are there any python based data visualization toolkits?,['python'],2014-06-09 08:34:29.337000,4053.0,55.0,1.0
141,236,1,0.0,1.0,2019-06-13 19:55:25.897000,2222.0,0,[],2014-06-09 18:02:00.613000,4053.0,0.0,0.0
386,241,1,0.0,5.0,2014-06-09 04:43:03.497000,4053.0,0,[],2014-06-09 21:51:53.793000,4052.0,0.0,0.0
386,245,1,0.0,5.0,2014-06-09 04:43:03.497000,4053.0,0,[],2014-06-10 01:54:40.647000,4052.0,0.0,0.0
386,248,1,0.0,5.0,2014-06-09 04:43:03.497000,4053.0,0,[],2014-06-10 03:21:56.473000,4052.0,0.0,0.0
84,251,1,0.0,25.0,2014-05-14 03:56:20.963000,4079.0,0,[],2014-06-10 05:57:13.897000,4052.0,0.0,0.0
62,253,1,0.0,4.0,2014-05-14 12:39:41.197000,4079.0,Do I need to learn Hadoop to be a Data Scientist?,['bigdata'],2014-06-10 06:20:20.817000,4052.0,49.0,1.0
10522,253,1,0.0,13.0,2015-07-20 15:54:31.440000,3647.0,Do I need to learn Hadoop to be a Data Scientist?,['bigdata'],2014-06-10 06:20:20.817000,4052.0,49.0,1.0
10638,253,1,0.0,0.0,0,0.0,Do I need to learn Hadoop to be a Data Scientist?,['bigdata'],2014-06-10 06:20:20.817000,4052.0,49.0,1.0
nan,253,1,0.0,0.0,0,0.0,Do I need to learn Hadoop to be a Data Scientist?,['bigdata'],2014-06-10 06:20:20.817000,4052.0,49.0,1.0
1193,264,1,0.0,2.0,2014-06-27 19:18:11.433000,4034.0,0,[],2014-06-10 10:48:58.457000,4052.0,0.0,0.0
4841,264,1,0.0,1.0,2017-08-30 14:46:01.283000,2875.0,0,[],2014-06-10 10:48:58.457000,4052.0,0.0,0.0
10327,266,1,0.0,14.0,2015-06-23 16:36:41.873000,3674.0,What are some easy to learn machine-learning applications?,['machine-learning'],2014-06-10 11:05:47.273000,4052.0,58.0,1.0
434,271,1,0.0,36.0,2014-06-10 01:40:23.263000,4052.0,0,[],2014-06-10 11:49:23.777000,4052.0,0.0,0.0
533,272,1,0.0,0.0,0,0.0,0,[],2014-06-10 11:53:07.737000,4052.0,0.0,0.0
434,272,1,0.0,36.0,2014-06-10 01:40:23.263000,4052.0,0,[],2014-06-10 11:53:07.737000,4052.0,0.0,0.0
403,274,1,0.0,7.0,2014-06-09 21:51:53.793000,4052.0,0,[],2014-06-10 12:57:04.307000,4052.0,0.0,0.0
119921,282,1,0.0,185.0,2021-07-01 17:12:00.933000,1474.0,0,[],2014-06-10 16:25:24.223000,4052.0,0.0,0.0
133,287,1,0.0,14.0,2014-05-21 15:12:18.980000,4072.0,0,[],2014-06-10 17:32:19.120000,4052.0,0.0,0.0
108,287,1,0.0,90.0,2014-05-14 07:53:02.560000,4079.0,0,[],2014-06-10 17:32:19.120000,4052.0,0.0,0.0
615,289,1,0.0,0.0,0,0.0,Qualifications for PhD Programs,['education'],2014-06-10 17:56:34.847000,4052.0,31.0,1.0
560,291,1,0.0,1.0,2014-06-10 17:56:34.847000,4052.0,0,[],2014-06-10 18:55:39.010000,4051.0,0.0,0.0
381,291,1,0.0,226.0,2014-06-08 07:03:43.710000,4054.0,0,[],2014-06-10 18:55:39.010000,4051.0,0.0,0.0
50681,293,1,0.0,0.0,0,0.0,0,[],2014-06-10 20:28:54.613000,4051.0,0.0,0.0
52273,293,1,0.0,1.0,2019-05-10 20:49:39.477000,2256.0,0,[],2014-06-10 20:28:54.613000,4051.0,0.0,0.0
91483,293,1,0.0,0.0,0,0.0,0,[],2014-06-10 20:28:54.613000,4051.0,0.0,0.0
142130,293,1,0.0,0.0,0,0.0,0,[],2014-06-10 20:28:54.613000,4051.0,0.0,0.0
560,295,1,0.0,1.0,2014-06-10 17:56:34.847000,4052.0,0,[],2014-06-10 20:43:28.533000,4051.0,0.0,0.0
386,295,1,0.0,5.0,2014-06-09 04:43:03.497000,4053.0,0,[],2014-06-10 20:43:28.533000,4051.0,0.0,0.0
791,301,1,0.0,9.0,2014-06-13 07:28:37.763000,4049.0,0,[],2014-06-11 00:32:54.887000,4051.0,0.0,0.0
609,301,1,0.0,34.0,2014-06-10 22:29:52.873000,4051.0,0,[],2014-06-11 00:32:54.887000,4051.0,0.0,0.0
122,303,1,0.0,24.0,2014-05-18 06:10:52.543000,4075.0,0,[],2014-06-11 01:09:06.100000,4051.0,0.0,0.0
609,303,1,0.0,34.0,2014-06-10 22:29:52.873000,4051.0,0,[],2014-06-11 01:09:06.100000,4051.0,0.0,0.0
21,305,1,0.0,171.0,2014-05-14 12:32:29.503000,4079.0,Does Amazon RedShift replace Hadoop for ~1XTB data?,"['apache-hadoop', 'aws']",2014-06-11 04:24:04.183000,4051.0,51.0,2.0
534,305,1,0.0,2.0,2014-06-11 04:24:04.183000,4051.0,Does Amazon RedShift replace Hadoop for ~1XTB data?,"['apache-hadoop', 'aws']",2014-06-11 04:24:04.183000,4051.0,51.0,2.0
14,306,1,0.0,11.0,2014-05-14 05:44:29.340000,4079.0,0,[],2014-06-11 05:17:12.253000,4051.0,0.0,0.0
496,308,1,0.0,1.0,2014-06-11 06:07:45.767000,4051.0,0,[],2014-06-11 06:49:04.070000,4051.0,0.0,0.0
646,309,1,0.0,0.0,0,0.0,0,[],2014-06-11 06:51:19.143000,4051.0,0.0,0.0
638,309,1,0.0,1.0,2014-06-11 06:51:19.143000,4051.0,0,[],2014-06-11 06:51:19.143000,4051.0,0.0,0.0
462,310,1,0.0,2.0,2015-03-18 22:58:40.487000,3770.0,"One-Class discriminatory classification with imbalanced, heterogenous Negative background?","['machine-learning', 'python']",2014-06-11 10:11:59.397000,4051.0,90.0,2.0
7848,310,1,0.0,11.0,2015-06-06 07:00:13.363000,3691.0,"One-Class discriminatory classification with imbalanced, heterogenous Negative background?","['machine-learning', 'python']",2014-06-11 10:11:59.397000,4051.0,90.0,2.0
555,311,1,0.0,2.0,2014-06-11 10:11:59.397000,4051.0,0,[],2014-06-11 11:24:19.963000,4051.0,0.0,0.0
471,313,1,0.0,65.0,2014-06-11 17:24:53.610000,4051.0,"Books about the ""Science"" in Data Science?",['statistics'],2014-06-11 13:28:35.980000,4051.0,42.0,1.0
663,313,1,0.0,1.0,2014-06-11 13:28:35.980000,4051.0,"Books about the ""Science"" in Data Science?",['statistics'],2014-06-11 13:28:35.980000,4051.0,42.0,1.0
515,313,1,0.0,3.0,2014-06-15 15:49:12.907000,4047.0,"Books about the ""Science"" in Data Science?",['statistics'],2014-06-11 13:28:35.980000,4051.0,42.0,1.0
75,313,1,0.0,28.0,2015-05-25 06:32:29.107000,3703.0,"Books about the ""Science"" in Data Science?",['statistics'],2014-06-11 13:28:35.980000,4051.0,42.0,1.0
426,313,1,0.0,5.0,2014-06-17 20:48:35.267000,4044.0,"Books about the ""Science"" in Data Science?",['statistics'],2014-06-11 13:28:35.980000,4051.0,42.0,1.0
158,316,1,0.0,10.0,2014-05-14 17:48:21.240000,4079.0,0,[],2014-06-11 16:25:34.747000,4051.0,0.0,0.0
514,316,1,0.0,5.0,2014-06-10 14:57:47.810000,4052.0,0,[],2014-06-11 16:25:34.747000,4051.0,0.0,0.0
554,320,1,0.0,4.0,2014-06-12 16:52:46.557000,4050.0,0,[],2014-06-11 20:34:51.873000,4050.0,0.0,0.0
366,324,1,0.0,1.0,2014-07-24 07:38:07.163000,4008.0,How can I extract news about a particular company from various websites using RODBC package in R? And perform sentiment analysis on the data?,"['r', 'sentiment-analysis']",2014-06-12 03:11:00.033000,4050.0,141.0,2.0
381,324,1,0.0,226.0,2014-06-08 07:03:43.710000,4054.0,How can I extract news about a particular company from various websites using RODBC package in R? And perform sentiment analysis on the data?,"['r', 'sentiment-analysis']",2014-06-12 03:11:00.033000,4050.0,141.0,2.0
8501,326,1,0.0,7.0,2016-10-26 19:27:26.587000,3182.0,Python vs R for machine learning,"['machine-learning', 'python']",2014-06-12 06:04:48.243000,4050.0,32.0,2.0
39841,326,1,0.0,0.0,0,0.0,Python vs R for machine learning,"['machine-learning', 'python']",2014-06-12 06:04:48.243000,4050.0,32.0,2.0
59171,326,1,0.0,42.0,2018-09-16 14:11:11.580000,2493.0,Python vs R for machine learning,"['machine-learning', 'python']",2014-06-12 06:04:48.243000,4050.0,32.0,2.0
457,327,1,0.0,0.0,0,0.0,0,[],2014-06-12 07:05:05.653000,4050.0,0.0,0.0
115,327,1,0.0,4.0,2014-05-14 07:38:31.103000,4079.0,0,[],2014-06-12 07:05:05.653000,4050.0,0.0,0.0
7784,327,1,0.0,0.0,0,0.0,0,[],2014-06-12 07:05:05.653000,4050.0,0.0,0.0
18544,327,1,0.0,8.0,2016-06-23 18:20:35.073000,3307.0,0,[],2014-06-12 07:05:05.653000,4050.0,0.0,0.0
18481,327,1,0.0,5.0,2017-12-01 23:23:17.920000,2781.0,0,[],2014-06-12 07:05:05.653000,4050.0,0.0,0.0
62,334,1,0.0,4.0,2014-05-14 12:39:41.197000,4079.0,What do you think of Data Science certifications?,['education'],2014-06-12 10:52:03.410000,4050.0,49.0,1.0
434,334,1,0.0,36.0,2014-06-10 01:40:23.263000,4052.0,What do you think of Data Science certifications?,['education'],2014-06-12 10:52:03.410000,4050.0,49.0,1.0
nan,334,1,0.0,0.0,0,0.0,What do you think of Data Science certifications?,['education'],2014-06-12 10:52:03.410000,4050.0,49.0,1.0
75,335,1,0.0,28.0,2015-05-25 06:32:29.107000,3703.0,0,[],2014-06-12 11:11:35.600000,4050.0,0.0,0.0
8820,337,1,0.0,224.0,2015-03-25 19:45:31.320000,3763.0,0,[],2014-06-12 11:54:59.140000,4050.0,0.0,0.0
39841,337,1,0.0,0.0,0,0.0,0,[],2014-06-12 11:54:59.140000,4050.0,0.0,0.0
381,339,1,0.0,226.0,2014-06-08 07:03:43.710000,4054.0,0,[],2014-06-12 12:59:00.663000,4050.0,0.0,0.0
514,339,1,0.0,5.0,2014-06-10 14:57:47.810000,4052.0,0,[],2014-06-12 12:59:00.663000,4050.0,0.0,0.0
598,339,1,0.0,0.0,0,0.0,0,[],2014-06-12 12:59:00.663000,4050.0,0.0,0.0
108,339,1,0.0,90.0,2014-05-14 07:53:02.560000,4079.0,0,[],2014-06-12 12:59:00.663000,4050.0,0.0,0.0
791,339,1,0.0,9.0,2014-06-13 07:28:37.763000,4049.0,0,[],2014-06-12 12:59:00.663000,4050.0,0.0,0.0
2885,339,1,0.0,0.0,0,0.0,0,[],2014-06-12 12:59:00.663000,4050.0,0.0,0.0
8041,339,1,0.0,33.0,2015-04-27 21:46:21.373000,3730.0,0,[],2014-06-12 12:59:00.663000,4050.0,0.0,0.0
18246,339,1,0.0,3.0,2016-07-09 20:42:50.700000,3291.0,0,[],2014-06-12 12:59:00.663000,4050.0,0.0,0.0
8432,339,1,0.0,17.0,2017-03-15 07:36:40.437000,3043.0,0,[],2014-06-12 12:59:00.663000,4050.0,0.0,0.0
15412,339,1,0.0,61.0,2016-01-14 16:37:46.247000,3469.0,0,[],2014-06-12 12:59:00.663000,4050.0,0.0,0.0
8237,339,1,0.0,5.0,2016-04-27 12:37:37.697000,3365.0,0,[],2014-06-12 12:59:00.663000,4050.0,0.0,0.0
10548,339,1,0.0,10.0,2018-03-02 20:42:12.360000,2690.0,0,[],2014-06-12 12:59:00.663000,4050.0,0.0,0.0
2496,339,1,0.0,0.0,0,0.0,0,[],2014-06-12 12:59:00.663000,4050.0,0.0,0.0
30433,339,1,0.0,0.0,0,0.0,0,[],2014-06-12 12:59:00.663000,4050.0,0.0,0.0
18481,339,1,0.0,5.0,2017-12-01 23:23:17.920000,2781.0,0,[],2014-06-12 12:59:00.663000,4050.0,0.0,0.0
87923,339,1,0.0,5.0,2020-01-06 16:55:48.877000,2016.0,0,[],2014-06-12 12:59:00.663000,4050.0,0.0,0.0
456,341,1,0.0,3.0,2014-06-10 06:20:20.817000,4052.0,0,[],2014-06-12 13:42:05.383000,4050.0,0.0,0.0
381,343,1,0.0,226.0,2014-06-08 07:03:43.710000,4054.0,0,[],2014-06-12 15:22:16.247000,4050.0,0.0,0.0
754,343,1,0.0,2.0,2014-06-12 15:22:16.247000,4050.0,0,[],2014-06-12 15:22:16.247000,4050.0,0.0,0.0
457,345,1,0.0,0.0,0,0.0,0,[],2014-06-12 16:52:46.557000,4050.0,0.0,0.0
791,349,1,0.0,9.0,2014-06-13 07:28:37.763000,4049.0,0,[],2014-06-12 20:51:59.930000,4049.0,0.0,0.0
780,349,1,0.0,7.0,2014-06-12 20:51:59.930000,4049.0,0,[],2014-06-12 20:51:59.930000,4049.0,0.0,0.0
62,350,1,0.0,4.0,2014-05-14 12:39:41.197000,4079.0,Example tasks of a data scientist and the necessary knowledge,['knowledge-base'],2014-06-12 22:11:46.607000,4049.0,61.0,1.0
434,350,1,0.0,36.0,2014-06-10 01:40:23.263000,4052.0,Example tasks of a data scientist and the necessary knowledge,['knowledge-base'],2014-06-12 22:11:46.607000,4049.0,61.0,1.0
97,351,1,0.0,46.0,2014-05-14 05:58:21.927000,4079.0,0,[],2014-06-13 03:50:24.610000,4049.0,0.0,0.0
762,351,1,0.0,0.0,0,0.0,0,[],2014-06-13 03:50:24.610000,4049.0,0.0,0.0
735,351,1,0.0,5.0,2014-06-12 11:54:59.140000,4050.0,0,[],2014-06-13 03:50:24.610000,4049.0,0.0,0.0
434,352,1,0.0,36.0,2014-06-10 01:40:23.263000,4052.0,How do I figure out if subsets can be plotted in a normal Euler diagram?,['visualization'],2014-06-13 05:40:39.360000,4049.0,72.0,1.0
108,352,1,0.0,90.0,2014-05-14 07:53:02.560000,4079.0,How do I figure out if subsets can be plotted in a normal Euler diagram?,['visualization'],2014-06-13 05:40:39.360000,4049.0,72.0,1.0
322,352,1,0.0,4.0,2014-06-16 19:48:31.797000,4045.0,How do I figure out if subsets can be plotted in a normal Euler diagram?,['visualization'],2014-06-13 05:40:39.360000,4049.0,72.0,1.0
471,354,1,0.0,65.0,2014-06-11 17:24:53.610000,4051.0,Data Science as a Social Scientist?,['statistics'],2014-06-13 07:28:37.763000,4049.0,35.0,1.0
791,354,1,0.0,9.0,2014-06-13 07:28:37.763000,4049.0,Data Science as a Social Scientist?,['statistics'],2014-06-13 07:28:37.763000,4049.0,35.0,1.0
791,355,1,0.0,9.0,2014-06-13 07:28:37.763000,4049.0,0,[],2014-06-13 10:08:14.087000,4049.0,0.0,0.0
434,358,1,0.0,36.0,2014-06-10 01:40:23.263000,4052.0,0,[],2014-06-13 12:30:45.290000,4049.0,0.0,0.0
587,358,1,0.0,15.0,2014-06-10 19:43:11.860000,4051.0,0,[],2014-06-13 12:30:45.290000,4049.0,0.0,0.0
158,360,1,0.0,10.0,2014-05-14 17:48:21.240000,4079.0,0,[],2014-06-13 14:46:30.393000,4049.0,0.0,0.0
84,361,1,0.0,25.0,2014-05-14 03:56:20.963000,4079.0,When is a Model Underfitted?,"['efficiency', 'parameter']",2014-06-13 16:44:29.323000,4049.0,28.0,2.0
434,362,1,0.0,36.0,2014-06-10 01:40:23.263000,4052.0,0,[],2014-06-13 17:14:26.260000,4049.0,0.0,0.0
13498,362,1,0.0,8.0,2015-10-18 09:24:52.407000,3557.0,0,[],2014-06-13 17:14:26.260000,4049.0,0.0,0.0
434,365,1,0.0,36.0,2014-06-10 01:40:23.263000,4052.0,0,[],2014-06-13 18:59:11.493000,4048.0,0.0,0.0
386,365,1,0.0,5.0,2014-06-09 04:43:03.497000,4053.0,0,[],2014-06-13 18:59:11.493000,4048.0,0.0,0.0
62558,374,1,0.0,0.0,0,0.0,0,[],2014-06-14 21:39:15.833000,4047.0,0.0,0.0
74533,379,1,0.0,0.0,0,0.0,0,[],2014-06-15 01:25:48.563000,4047.0,0.0,0.0
1011,382,1,0.0,9.0,2014-06-19 14:52:59.877000,4043.0,How to debug data analysis?,"['data-mining', 'experiments']",2014-06-15 12:26:50.060000,4047.0,27.0,2.0
84,388,1,0.0,25.0,2014-05-14 03:56:20.963000,4079.0,0,[],2014-06-15 15:20:31.300000,4047.0,0.0,0.0
780,388,1,0.0,7.0,2014-06-12 20:51:59.930000,4049.0,0,[],2014-06-15 15:20:31.300000,4047.0,0.0,0.0
846,389,1,0.0,4.0,2014-06-15 12:26:50.060000,4047.0,0,[],2014-06-15 15:49:12.907000,4047.0,0.0,0.0
515,389,1,0.0,3.0,2014-06-15 15:49:12.907000,4047.0,0,[],2014-06-15 15:49:12.907000,4047.0,0.0,0.0
97,395,1,0.0,46.0,2014-05-14 05:58:21.927000,4079.0,0,[],2014-06-16 04:37:58.817000,4046.0,0.0,0.0
515,398,1,0.0,3.0,2014-06-15 15:49:12.907000,4047.0,What to consider before learning a new language for data analysis,['python'],2014-06-16 07:32:29.137000,4046.0,65.0,1.0
843,398,1,0.0,101.0,2014-06-29 22:44:02.560000,4032.0,What to consider before learning a new language for data analysis,['python'],2014-06-16 07:32:29.137000,4046.0,65.0,1.0
872,399,1,0.0,1.0,2014-06-16 07:32:29.137000,4046.0,0,[],2014-06-16 09:52:24.913000,4046.0,0.0,0.0
791,400,1,0.0,9.0,2014-06-13 07:28:37.763000,4049.0,0,[],2014-06-16 11:45:05.800000,4046.0,0.0,0.0
1011,403,1,0.0,9.0,2014-06-19 14:52:59.877000,4043.0,Why is there such a mismatch between the Model's predicted probability and theoretical probability in logistic regression?,['categorical-data'],2014-06-16 13:30:01.320000,4046.0,122.0,1.0
880,403,1,0.0,1.0,2014-06-16 13:30:01.320000,4046.0,Why is there such a mismatch between the Model's predicted probability and theoretical probability in logistic regression?,['categorical-data'],2014-06-16 13:30:01.320000,4046.0,122.0,1.0
227,404,1,0.0,7.0,2014-05-18 12:03:21.650000,4075.0,0,[],2014-06-16 14:35:20.980000,4046.0,0.0,0.0
548,404,1,0.0,21.0,2014-06-16 04:21:36.340000,4046.0,0,[],2014-06-16 14:35:20.980000,4046.0,0.0,0.0
101017,405,1,0.0,0.0,0,0.0,0,[],2014-06-16 15:00:04.577000,4046.0,0.0,0.0
548,405,1,0.0,21.0,2014-06-16 04:21:36.340000,4046.0,0,[],2014-06-16 15:00:04.577000,4046.0,0.0,0.0
539,405,1,0.0,0.0,0,0.0,0,[],2014-06-16 15:00:04.577000,4046.0,0.0,0.0
872,405,1,0.0,1.0,2014-06-16 07:32:29.137000,4046.0,0,[],2014-06-16 15:00:04.577000,4046.0,0.0,0.0
3571,405,1,0.0,0.0,0,0.0,0,[],2014-06-16 15:00:04.577000,4046.0,0.0,0.0
23317,406,1,0.0,4.0,2016-08-11 09:30:44.953000,3259.0,How can I predict traffic based on previous time series data?,['machine-learning'],2014-06-16 15:49:55.673000,4046.0,61.0,1.0
554,408,1,0.0,4.0,2014-06-12 16:52:46.557000,4050.0,0,[],2014-06-16 16:34:50.317000,4046.0,0.0,0.0
886,408,1,0.0,1.0,2014-06-16 15:49:55.673000,4046.0,0,[],2014-06-16 16:34:50.317000,4046.0,0.0,0.0
178,408,1,0.0,15.0,2014-05-14 22:03:50.597000,4078.0,0,[],2014-06-16 16:34:50.317000,4046.0,0.0,0.0
178,409,1,0.0,15.0,2014-05-14 22:03:50.597000,4078.0,0,[],2014-06-16 17:26:17.697000,4046.0,0.0,0.0
886,409,1,0.0,1.0,2014-06-16 15:49:55.673000,4046.0,0,[],2014-06-16 17:26:17.697000,4046.0,0.0,0.0
515,411,1,0.0,3.0,2014-06-15 15:49:12.907000,4047.0,Best languages for scientific computing,"['efficiency', 'tools']",2014-06-16 19:14:38.553000,4045.0,39.0,2.0
548,411,1,0.0,21.0,2014-06-16 04:21:36.340000,4046.0,Best languages for scientific computing,"['efficiency', 'tools']",2014-06-16 19:14:38.553000,4045.0,39.0,2.0
381,411,1,0.0,226.0,2014-06-08 07:03:43.710000,4054.0,Best languages for scientific computing,"['efficiency', 'tools']",2014-06-16 19:14:38.553000,4045.0,39.0,2.0
890,411,1,0.0,6.0,2014-06-16 18:08:38.623000,4046.0,Best languages for scientific computing,"['efficiency', 'tools']",2014-06-16 19:14:38.553000,4045.0,39.0,2.0
322,411,1,0.0,4.0,2014-06-16 19:48:31.797000,4045.0,Best languages for scientific computing,"['efficiency', 'tools']",2014-06-16 19:14:38.553000,4045.0,39.0,2.0
101017,411,1,0.0,0.0,0,0.0,Best languages for scientific computing,"['efficiency', 'tools']",2014-06-16 19:14:38.553000,4045.0,39.0,2.0
3410,413,1,0.0,2.0,2017-09-25 06:25:50.607000,2849.0,0,[],2014-06-16 19:49:24.377000,4045.0,0.0,0.0
14518,413,1,0.0,18.0,2018-12-07 05:20:14.603000,2411.0,0,[],2014-06-16 19:49:24.377000,4045.0,0.0,0.0
1193,414,1,0.0,2.0,2014-06-27 19:18:11.433000,4034.0,0,[],2014-06-16 19:53:09.957000,4045.0,0.0,0.0
17538,414,1,0.0,5.0,2017-07-22 10:59:41.730000,2914.0,0,[],2014-06-16 19:53:09.957000,4045.0,0.0,0.0
119,415,1,0.0,3.0,2014-05-14 17:06:33.337000,4079.0,0,[],2014-06-16 20:10:12.167000,4045.0,0.0,0.0
289,415,1,0.0,6.0,2014-06-23 11:03:09.767000,4039.0,0,[],2014-06-16 20:10:12.167000,4045.0,0.0,0.0
322,416,1,0.0,4.0,2014-06-16 19:48:31.797000,4045.0,0,[],2014-06-16 20:12:39.130000,4045.0,0.0,0.0
836,421,1,0.0,453.0,2014-06-26 22:58:32.380000,4035.0,Online machine learning tutorial,"['machine-learning', 'beginner']",2014-06-17 04:31:34.067000,4045.0,32.0,2.0
115,421,1,0.0,4.0,2014-05-14 07:38:31.103000,4079.0,Online machine learning tutorial,"['machine-learning', 'beginner']",2014-06-17 04:31:34.067000,4045.0,32.0,2.0
241,424,1,0.0,2.0,2014-06-17 12:41:58.900000,4045.0,How to grow a list of related words based on initial keywords?,"['nlp', 'freebase']",2014-06-17 06:05:39.653000,4045.0,62.0,2.0
12473,424,1,0.0,66.0,2015-08-17 20:34:15.330000,3618.0,How to grow a list of related words based on initial keywords?,"['nlp', 'freebase']",2014-06-17 06:05:39.653000,4045.0,62.0,2.0
381,424,1,0.0,226.0,2014-06-08 07:03:43.710000,4054.0,How to grow a list of related words based on initial keywords?,"['nlp', 'freebase']",2014-06-17 06:05:39.653000,4045.0,62.0,2.0
101017,426,1,0.0,0.0,0,0.0,0,[],2014-06-17 06:53:44.007000,4045.0,0.0,0.0
836,426,1,0.0,453.0,2014-06-26 22:58:32.380000,4035.0,0,[],2014-06-17 06:53:44.007000,4045.0,0.0,0.0
343,426,1,0.0,0.0,0,0.0,0,[],2014-06-17 06:53:44.007000,4045.0,0.0,0.0
122,426,1,0.0,24.0,2014-05-18 06:10:52.543000,4075.0,0,[],2014-06-17 06:53:44.007000,4045.0,0.0,0.0
515,427,1,0.0,3.0,2014-06-15 15:49:12.907000,4047.0,Does anyone use Julia programming language?,['tools'],2014-06-17 07:46:39.783000,4045.0,43.0,1.0
478,430,1,0.0,6.0,2014-06-10 09:41:34.697000,4052.0,Looking for example infrastructure stacks/workflows/pipelines,"['machine-learning', 'efficiency', 'distributed']",2014-06-17 10:37:22.987000,4045.0,61.0,3.0
913,430,1,0.0,1.0,2014-06-17 10:37:22.987000,4045.0,Looking for example infrastructure stacks/workflows/pipelines,"['machine-learning', 'efficiency', 'distributed']",2014-06-17 10:37:22.987000,4045.0,61.0,3.0
84,431,1,0.0,25.0,2014-05-14 03:56:20.963000,4079.0,0,[],2014-06-17 12:37:17.150000,4045.0,0.0,0.0
2673,432,1,0.0,1.0,2015-06-23 14:40:47.173000,3674.0,0,[],2014-06-17 12:41:58.900000,4045.0,0.0,0.0
913,433,1,0.0,1.0,2014-06-17 10:37:22.987000,4045.0,0,[],2014-06-17 13:31:30.503000,4045.0,0.0,0.0
241,433,1,0.0,2.0,2014-06-17 12:41:58.900000,4045.0,0,[],2014-06-17 13:31:30.503000,4045.0,0.0,0.0
84,433,1,0.0,25.0,2014-05-14 03:56:20.963000,4079.0,0,[],2014-06-17 13:31:30.503000,4045.0,0.0,0.0
1155,435,1,0.0,11.0,2014-06-24 15:44:52.540000,4038.0,Relational Data Mining without ILP,"['data-mining', 'relational-dbms']",2014-06-17 13:46:06.367000,4045.0,34.0,2.0
2723,435,1,0.0,32.0,2014-12-05 15:29:04.743000,3874.0,Relational Data Mining without ILP,"['data-mining', 'relational-dbms']",2014-06-17 13:46:06.367000,4045.0,34.0,2.0
322,439,1,0.0,4.0,2014-06-16 19:48:31.797000,4045.0,0,[],2014-06-17 18:42:55.423000,4044.0,0.0,0.0
780,439,1,0.0,7.0,2014-06-12 20:51:59.930000,4049.0,0,[],2014-06-17 18:42:55.423000,4044.0,0.0,0.0
941,442,1,0.0,19.0,2014-06-18 14:15:37.957000,4044.0,0,[],2014-06-17 21:17:31.210000,4044.0,0.0,0.0
59446,442,1,0.0,7.0,2018-12-20 15:09:00.010000,2398.0,0,[],2014-06-17 21:17:31.210000,4044.0,0.0,0.0
839,445,1,0.0,1.0,2014-06-14 19:54:53.193000,4047.0,0,[],2014-06-17 23:30:45.897000,4044.0,0.0,0.0
322,446,1,0.0,4.0,2014-06-16 19:48:31.797000,4045.0,0,[],2014-06-17 23:38:20.133000,4044.0,0.0,0.0
58339,446,1,0.0,0.0,0,0.0,0,[],2014-06-17 23:38:20.133000,4044.0,0.0,0.0
426,449,1,0.0,5.0,2014-06-17 20:48:35.267000,4044.0,0,[],2014-06-18 07:27:22.677000,4044.0,0.0,0.0
113,449,1,0.0,3.0,2014-05-16 14:26:12.270000,4077.0,0,[],2014-06-18 07:27:22.677000,4044.0,0.0,0.0
3466,449,1,0.0,28.0,2014-09-29 17:46:58.617000,3941.0,0,[],2014-06-18 07:27:22.677000,4044.0,0.0,0.0
743,451,1,0.0,6.0,2014-06-12 13:42:05.383000,4050.0,How to speedup message passing between computing nodes,"['efficiency', 'performance']",2014-06-18 14:36:07.980000,4044.0,54.0,2.0
84,451,1,0.0,25.0,2014-05-14 03:56:20.963000,4079.0,How to speedup message passing between computing nodes,"['efficiency', 'performance']",2014-06-18 14:36:07.980000,4044.0,54.0,2.0
869,451,1,0.0,0.0,0,0.0,How to speedup message passing between computing nodes,"['efficiency', 'performance']",2014-06-18 14:36:07.980000,4044.0,54.0,2.0
886,452,1,0.0,1.0,2014-06-16 15:49:55.673000,4046.0,0,[],2014-06-18 15:10:22.637000,4044.0,0.0,0.0
403,452,1,0.0,7.0,2014-06-09 21:51:53.793000,4052.0,0,[],2014-06-18 15:10:22.637000,4044.0,0.0,0.0
322,453,1,0.0,4.0,2014-06-16 19:48:31.797000,4045.0,What is the difference between global and universal compression methods?,"['classification', 'encoding']",2014-06-18 15:27:23.313000,4044.0,72.0,2.0
869,453,1,0.0,0.0,0,0.0,What is the difference between global and universal compression methods?,"['classification', 'encoding']",2014-06-18 15:27:23.313000,4044.0,72.0,2.0
84,453,1,0.0,25.0,2014-05-14 03:56:20.963000,4079.0,What is the difference between global and universal compression methods?,"['classification', 'encoding']",2014-06-18 15:27:23.313000,4044.0,72.0,2.0
6478,453,1,0.0,31.0,2014-12-18 18:07:18.170000,3861.0,What is the difference between global and universal compression methods?,"['classification', 'encoding']",2014-06-18 15:27:23.313000,4044.0,72.0,2.0
27432,453,1,0.0,56.0,2016-12-28 10:12:55.523000,3120.0,What is the difference between global and universal compression methods?,"['classification', 'encoding']",2014-06-18 15:27:23.313000,4044.0,72.0,2.0
836,455,1,0.0,453.0,2014-06-26 22:58:32.380000,4035.0,Suggest text classifier training datasets,"['machine-learning', 'dataset', 'text-mining']",2014-06-18 16:21:12.203000,4044.0,41.0,3.0
553,455,1,0.0,2.0,2014-06-10 17:15:52.953000,4052.0,Suggest text classifier training datasets,"['machine-learning', 'dataset', 'text-mining']",2014-06-18 16:21:12.203000,4044.0,41.0,3.0
227,455,1,0.0,7.0,2014-05-18 12:03:21.650000,4075.0,Suggest text classifier training datasets,"['machine-learning', 'dataset', 'text-mining']",2014-06-18 16:21:12.203000,4044.0,41.0,3.0
84,455,1,0.0,25.0,2014-05-14 03:56:20.963000,4079.0,Suggest text classifier training datasets,"['machine-learning', 'dataset', 'text-mining']",2014-06-18 16:21:12.203000,4044.0,41.0,3.0
3466,455,1,0.0,28.0,2014-09-29 17:46:58.617000,3941.0,Suggest text classifier training datasets,"['machine-learning', 'dataset', 'text-mining']",2014-06-18 16:21:12.203000,4044.0,41.0,3.0
84,457,1,0.0,25.0,2014-05-14 03:56:20.963000,4079.0,0,[],2014-06-18 18:22:11.680000,4043.0,0.0,0.0
986,463,1,0.0,2.0,2014-06-18 22:10:58.497000,4043.0,0,[],2014-06-18 22:45:25.677000,4043.0,0.0,0.0
984,463,1,0.0,14.0,2014-06-18 21:56:29.147000,4043.0,0,[],2014-06-18 22:45:25.677000,4043.0,0.0,0.0
960,464,1,0.0,2.0,2014-06-18 16:21:12.203000,4044.0,0,[],2014-06-18 22:48:53.350000,4043.0,0.0,0.0
44456,465,1,0.0,95.0,2018-01-11 08:56:20.023000,2741.0,0,[],2014-06-18 22:58:35.260000,4043.0,0.0,0.0
984,465,1,0.0,14.0,2014-06-18 21:56:29.147000,4043.0,0,[],2014-06-18 22:58:35.260000,4043.0,0.0,0.0
322,466,1,0.0,4.0,2014-06-16 19:48:31.797000,4045.0,Gas consumption outliers detection - Neural network project. Bad results,['neural-network'],2014-06-18 23:02:54.200000,4043.0,72.0,1.0
989,466,1,0.0,9.0,2014-06-18 23:02:54.200000,4043.0,Gas consumption outliers detection - Neural network project. Bad results,['neural-network'],2014-06-18 23:02:54.200000,4043.0,72.0,1.0
84,466,1,0.0,25.0,2014-05-14 03:56:20.963000,4079.0,Gas consumption outliers detection - Neural network project. Bad results,['neural-network'],2014-06-18 23:02:54.200000,4043.0,72.0,1.0
1085,466,1,0.0,11.0,2014-06-21 19:13:47.757000,4040.0,Gas consumption outliers detection - Neural network project. Bad results,['neural-network'],2014-06-18 23:02:54.200000,4043.0,72.0,1.0
178,468,1,0.0,15.0,2014-05-14 22:03:50.597000,4078.0,Learning ordinal regression in R?,['r'],2014-06-19 03:43:23.853000,4043.0,33.0,1.0
1237,468,1,0.0,4.0,2014-06-27 13:22:22.577000,4035.0,Learning ordinal regression in R?,['r'],2014-06-19 03:43:23.853000,4043.0,33.0,1.0
953,468,1,0.0,1.0,2014-06-27 21:45:23.237000,4034.0,Learning ordinal regression in R?,['r'],2014-06-19 03:43:23.853000,4043.0,33.0,1.0
227,474,1,0.0,7.0,2014-05-18 12:03:21.650000,4075.0,Network structure: k-cliques vs. p-cliques,"['definitions', 'graphs']",2014-06-19 09:42:28.160000,4043.0,42.0,2.0
957,474,1,0.0,1.0,2014-06-19 09:42:28.160000,4043.0,Network structure: k-cliques vs. p-cliques,"['definitions', 'graphs']",2014-06-19 09:42:28.160000,4043.0,42.0,2.0
953,475,1,0.0,1.0,2014-06-27 21:45:23.237000,4034.0,0,[],2014-06-19 09:50:53.657000,4043.0,0.0,0.0
nan,477,1,0.0,0.0,0,0.0,Preference Matching Algorithm,['algorithms'],2014-06-18 22:15:43.820000,4043.0,29.0,1.0
743,477,1,0.0,6.0,2014-06-12 13:42:05.383000,4050.0,Preference Matching Algorithm,['algorithms'],2014-06-18 22:15:43.820000,4043.0,29.0,1.0
957,481,1,0.0,1.0,2014-06-19 09:42:28.160000,4043.0,0,[],2014-06-19 12:22:42.017000,4043.0,0.0,0.0
59,481,1,0.0,6.0,2014-05-14 11:21:31.500000,4079.0,0,[],2014-06-19 12:22:42.017000,4043.0,0.0,0.0
886,483,1,0.0,1.0,2014-06-16 15:49:55.673000,4046.0,0,[],2014-06-19 14:15:07.433000,4043.0,0.0,0.0
14904,483,1,0.0,195.0,2015-12-28 10:28:41.260000,3486.0,0,[],2014-06-19 14:15:07.433000,4043.0,0.0,0.0
78062,484,1,0.0,0.0,0,0.0,0,[],2014-06-19 14:52:59.877000,4043.0,0.0,0.0
84,485,1,0.0,25.0,2014-05-14 03:56:20.963000,4079.0,0,[],2014-06-19 16:07:29.907000,4043.0,0.0,0.0
922,488,1,0.0,2.0,2014-06-17 18:59:14.947000,4044.0,Is GLM a statistical or machine learning model?,"['machine-learning', 'glm']",2014-06-19 18:02:24.650000,4043.0,47.0,2.0
381,492,1,0.0,226.0,2014-06-08 07:03:43.710000,4054.0,Word2Vec for Named Entity Recognition,"['machine-learning', 'neural-network']",2014-06-19 19:29:57.797000,4042.0,37.0,2.0
684,492,1,0.0,9.0,2014-06-19 19:29:57.797000,4042.0,Word2Vec for Named Entity Recognition,"['machine-learning', 'neural-network']",2014-06-19 19:29:57.797000,4042.0,37.0,2.0
1028,495,1,0.0,1.0,2014-06-19 19:33:40.620000,4042.0,0,[],2014-06-19 22:02:44.050000,4042.0,0.0,0.0
1011,495,1,0.0,9.0,2014-06-19 14:52:59.877000,4043.0,0,[],2014-06-19 22:02:44.050000,4042.0,0.0,0.0
1138,497,1,0.0,9.0,2014-06-23 23:20:36.180000,4038.0,What statistical model should I use to analyze the likelihood that a single event influenced longitudinal data,"['machine-learning', 'statistics']",2014-06-20 03:18:59.477000,4042.0,110.0,2.0
119,500,1,0.0,3.0,2014-05-14 17:06:33.337000,4079.0,0,[],2014-06-20 06:49:25.237000,4042.0,0.0,0.0
514,500,1,0.0,5.0,2014-06-10 14:57:47.810000,4052.0,0,[],2014-06-20 06:49:25.237000,4042.0,0.0,0.0
37713,500,1,0.0,0.0,0,0.0,0,[],2014-06-20 06:49:25.237000,4042.0,0.0,0.0
609,504,1,0.0,34.0,2014-06-10 22:29:52.873000,4051.0,Dealing with diverse text data,['classification'],2014-06-20 14:58:09.320000,4042.0,30.0,1.0
1047,506,1,0.0,1.0,2014-06-20 03:18:59.477000,4042.0,0,[],2014-06-20 16:09:41.637000,4042.0,0.0,0.0
117841,506,1,0.0,12.0,2022-09-29 13:29:35.470000,1019.0,0,[],2014-06-20 16:09:41.637000,4042.0,0.0,0.0
791,507,1,0.0,9.0,2014-06-13 07:28:37.763000,4049.0,0,[],2014-06-20 16:29:27.673000,4042.0,0.0,0.0
381,509,1,0.0,226.0,2014-06-08 07:03:43.710000,4054.0,0,[],2014-06-20 17:30:39.097000,4042.0,0.0,0.0
84,510,1,0.0,25.0,2014-05-14 03:56:20.963000,4079.0,0,[],2014-06-20 17:34:51.633000,4042.0,0.0,0.0
941,510,1,0.0,19.0,2014-06-18 14:15:37.957000,4044.0,0,[],2014-06-20 17:34:51.633000,4042.0,0.0,0.0
84,511,1,0.0,25.0,2014-05-14 03:56:20.963000,4079.0,Cross-validation: K-fold vs Repeated random sub-sampling,['cross-validation'],2014-06-20 17:57:46.363000,4042.0,56.0,1.0
97,511,1,0.0,46.0,2014-05-14 05:58:21.927000,4079.0,Cross-validation: K-fold vs Repeated random sub-sampling,['cross-validation'],2014-06-20 17:57:46.363000,4042.0,56.0,1.0
843,511,1,0.0,101.0,2014-06-29 22:44:02.560000,4032.0,Cross-validation: K-fold vs Repeated random sub-sampling,['cross-validation'],2014-06-20 17:57:46.363000,4042.0,56.0,1.0
322,512,1,0.0,4.0,2014-06-16 19:48:31.797000,4045.0,0,[],2014-06-20 18:56:52.110000,4041.0,0.0,0.0
609,512,1,0.0,34.0,2014-06-10 22:29:52.873000,4051.0,0,[],2014-06-20 18:56:52.110000,4041.0,0.0,0.0
84,516,1,0.0,25.0,2014-05-14 03:56:20.963000,4079.0,Efficient solution of fmincg without providing gradient?,['bigdata'],2014-06-21 04:59:06.620000,4041.0,56.0,1.0
1061,516,1,0.0,1.0,2014-06-22 12:02:52.773000,4040.0,Efficient solution of fmincg without providing gradient?,['bigdata'],2014-06-21 04:59:06.620000,4041.0,56.0,1.0
84,518,1,0.0,25.0,2014-05-14 03:56:20.963000,4079.0,Online k-means explanation,['machine-learning'],2014-06-21 10:55:41.700000,4041.0,26.0,1.0
960,518,1,0.0,2.0,2014-06-18 16:21:12.203000,4044.0,Online k-means explanation,['machine-learning'],2014-06-21 10:55:41.700000,4041.0,26.0,1.0
62,518,1,0.0,4.0,2014-05-14 12:39:41.197000,4079.0,Online k-means explanation,['machine-learning'],2014-06-21 10:55:41.700000,4041.0,26.0,1.0
989,519,1,0.0,9.0,2014-06-18 23:02:54.200000,4043.0,0,[],2014-06-21 12:59:15.373000,4041.0,0.0,0.0
989,520,1,0.0,9.0,2014-06-18 23:02:54.200000,4043.0,0,[],2014-06-21 19:13:47.757000,4040.0,0.0,0.0
989,523,1,0.0,9.0,2014-06-18 23:02:54.200000,4043.0,0,[],2014-06-22 16:03:39.047000,4040.0,0.0,0.0
322,527,1,0.0,4.0,2014-06-16 19:48:31.797000,4045.0,Score matrix string similarity,['algorithms'],2014-06-22 21:45:35.800000,4039.0,30.0,1.0
1011,527,1,0.0,9.0,2014-06-19 14:52:59.877000,4043.0,Score matrix string similarity,['algorithms'],2014-06-22 21:45:35.800000,4039.0,30.0,1.0
793,533,1,0.0,7.0,2014-06-23 07:03:15.643000,4039.0,0,[],2014-06-23 08:13:22.837000,4039.0,0.0,0.0
69822,533,1,0.0,85.0,2019-03-19 14:08:18.553000,2309.0,0,[],2014-06-23 08:13:22.837000,4039.0,0.0,0.0
1107,534,1,0.0,1.0,2014-06-22 21:45:35.800000,4039.0,0,[],2014-06-23 09:23:27.617000,4039.0,0.0,0.0
1107,535,1,0.0,1.0,2014-06-22 21:45:35.800000,4039.0,0,[],2014-06-23 09:42:46.450000,4039.0,0.0,0.0
941,535,1,0.0,19.0,2014-06-18 14:15:37.957000,4044.0,0,[],2014-06-23 09:42:46.450000,4039.0,0.0,0.0
1085,536,1,0.0,11.0,2014-06-21 19:13:47.757000,4040.0,Good practices for manual modifications of data,['data-cleaning'],2014-06-23 11:03:09.767000,4039.0,47.0,1.0
289,536,1,0.0,6.0,2014-06-23 11:03:09.767000,4039.0,Good practices for manual modifications of data,['data-cleaning'],2014-06-23 11:03:09.767000,4039.0,47.0,1.0
418,536,1,0.0,11.0,2014-06-10 11:36:19.287000,4052.0,Good practices for manual modifications of data,['data-cleaning'],2014-06-23 11:03:09.767000,4039.0,47.0,1.0
471,538,1,0.0,65.0,2014-06-11 17:24:53.610000,4051.0,What are your favorite sources for news about Machine Learning and Data Science?,['machine-learning'],2014-06-23 13:31:41.443000,4039.0,80.0,1.0
322,538,1,0.0,4.0,2014-06-16 19:48:31.797000,4045.0,What are your favorite sources for news about Machine Learning and Data Science?,['machine-learning'],2014-06-23 13:31:41.443000,4039.0,80.0,1.0
322,540,1,0.0,4.0,2014-06-16 19:48:31.797000,4045.0,First steps on a new cleaned dataset,['knowledge-base'],2014-06-23 15:38:10.920000,4039.0,36.0,1.0
984,540,1,0.0,14.0,2014-06-18 21:56:29.147000,4043.0,First steps on a new cleaned dataset,['knowledge-base'],2014-06-23 15:38:10.920000,4039.0,36.0,1.0
289,541,1,0.0,6.0,2014-06-23 11:03:09.767000,4039.0,0,[],2014-06-23 15:48:10.033000,4039.0,0.0,0.0
322,541,1,0.0,4.0,2014-06-16 19:48:31.797000,4045.0,0,[],2014-06-23 15:48:10.033000,4039.0,0.0,0.0
322,546,1,0.0,4.0,2014-06-16 19:48:31.797000,4045.0,0,[],2014-06-23 18:56:11.577000,4038.0,0.0,0.0
1138,549,1,0.0,9.0,2014-06-23 23:20:36.180000,4038.0,0,[],2014-06-24 00:54:13.110000,4038.0,0.0,0.0
15361,549,1,0.0,31.0,2016-01-13 16:28:38.463000,3470.0,0,[],2014-06-24 00:54:13.110000,4038.0,0.0,0.0
1138,550,1,0.0,9.0,2014-06-23 23:20:36.180000,4038.0,0,[],2014-06-24 03:50:41.410000,4038.0,0.0,0.0
1138,552,1,0.0,9.0,2014-06-23 23:20:36.180000,4038.0,0,[],2014-06-24 07:03:35.567000,4038.0,0.0,0.0
24,555,1,0.0,2.0,2014-10-02 08:58:18.340000,3938.0,0,[],2014-06-24 07:35:16.930000,4038.0,0.0,0.0
1147,559,1,0.0,1.0,2014-06-24 12:28:10.990000,4038.0,Detecting cats visually by means of anomaly detection,['machine-learning'],2014-06-24 12:28:10.990000,4038.0,53.0,1.0
1085,559,1,0.0,11.0,2014-06-21 19:13:47.757000,4040.0,Detecting cats visually by means of anomaly detection,['machine-learning'],2014-06-24 12:28:10.990000,4038.0,53.0,1.0
1167,559,1,0.0,0.0,0,0.0,Detecting cats visually by means of anomaly detection,['machine-learning'],2014-06-24 12:28:10.990000,4038.0,53.0,1.0
nan,559,1,0.0,0.0,0,0.0,Detecting cats visually by means of anomaly detection,['machine-learning'],2014-06-24 12:28:10.990000,4038.0,53.0,1.0
924,559,1,0.0,349.0,2014-06-25 15:42:19.287000,4037.0,Detecting cats visually by means of anomaly detection,['machine-learning'],2014-06-24 12:28:10.990000,4038.0,53.0,1.0
1155,560,1,0.0,11.0,2014-06-24 15:44:52.540000,4038.0,0,[],2014-06-24 12:55:26.457000,4038.0,0.0,0.0
1085,560,1,0.0,11.0,2014-06-21 19:13:47.757000,4040.0,0,[],2014-06-24 12:55:26.457000,4038.0,0.0,0.0
1085,561,1,0.0,11.0,2014-06-21 19:13:47.757000,4040.0,0,[],2014-06-24 13:34:12.107000,4038.0,0.0,0.0
964,561,1,0.0,22.0,2014-06-20 19:15:52.093000,4041.0,0,[],2014-06-24 13:34:12.107000,4038.0,0.0,0.0
1256,561,1,0.0,16.0,2014-08-18 17:05:19.957000,3983.0,0,[],2014-06-24 13:34:12.107000,4038.0,0.0,0.0
471,565,1,0.0,65.0,2014-06-11 17:24:53.610000,4051.0,Why does Gradient Boosting regression predict negative values when there are no negative y-values in my training set?,"['machine-learning', 'algorithms', 'kaggle']",2014-06-24 19:43:24.643000,4037.0,117.0,3.0
153,565,1,0.0,0.0,0,0.0,Why does Gradient Boosting regression predict negative values when there are no negative y-values in my training set?,"['machine-learning', 'algorithms', 'kaggle']",2014-06-24 19:43:24.643000,4037.0,117.0,3.0
55122,565,1,0.0,466.0,2019-01-17 20:26:02.717000,2369.0,Why does Gradient Boosting regression predict negative values when there are no negative y-values in my training set?,"['machine-learning', 'algorithms', 'kaggle']",2014-06-24 19:43:24.643000,4037.0,117.0,3.0
1177,566,1,0.0,1.0,2016-07-26 05:31:34.533000,3275.0,Named Entity Recognition: NLTK using Regular Expression,['nlp'],2014-06-24 17:06:10.310000,4038.0,55.0,1.0
1165,566,1,0.0,2.0,2014-06-24 17:06:10.310000,4038.0,Named Entity Recognition: NLTK using Regular Expression,['nlp'],2014-06-24 17:06:10.310000,4038.0,55.0,1.0
237,567,1,0.0,4.0,2014-06-24 18:59:30.560000,4037.0,0,[],2014-06-24 20:28:33.693000,4037.0,0.0,0.0
1163,567,1,0.0,2.0,2014-06-24 20:28:33.693000,4037.0,0,[],2014-06-24 20:28:33.693000,4037.0,0.0,0.0
890,568,1,0.0,6.0,2014-06-16 18:08:38.623000,4046.0,0,[],2014-06-24 20:34:18.473000,4037.0,0.0,0.0
1155,568,1,0.0,11.0,2014-06-24 15:44:52.540000,4038.0,0,[],2014-06-24 20:34:18.473000,4037.0,0.0,0.0
237,570,1,0.0,4.0,2014-06-24 18:59:30.560000,4037.0,0,[],2014-06-25 00:13:50.803000,4037.0,0.0,0.0
434,570,1,0.0,36.0,2014-06-10 01:40:23.263000,4052.0,0,[],2014-06-25 00:13:50.803000,4037.0,0.0,0.0
29590,581,1,0.0,0.0,0,0.0,0,[],2014-06-25 14:36:29.163000,4037.0,0.0,0.0
16922,581,1,0.0,1.0,2017-07-09 17:22:02.853000,2927.0,0,[],2014-06-25 14:36:29.163000,4037.0,0.0,0.0
1196,586,1,0.0,0.0,0,0.0,What are the main types of NLP annotators?,['nlp'],2014-06-25 17:37:23.380000,4037.0,42.0,1.0
1192,586,1,0.0,2.0,2014-06-25 17:37:23.380000,4037.0,What are the main types of NLP annotators?,['nlp'],2014-06-25 17:37:23.380000,4037.0,42.0,1.0
1155,595,1,0.0,11.0,2014-06-24 15:44:52.540000,4038.0,How to use neural networks with large and variable number of inputs?,"['machine-learning', 'algorithms']",2014-06-26 12:25:55.663000,4036.0,68.0,2.0
1207,595,1,0.0,1.0,2014-06-26 12:25:55.663000,4036.0,How to use neural networks with large and variable number of inputs?,"['machine-learning', 'algorithms']",2014-06-26 12:25:55.663000,4036.0,68.0,2.0
1085,595,1,0.0,11.0,2014-06-21 19:13:47.757000,4040.0,How to use neural networks with large and variable number of inputs?,"['machine-learning', 'algorithms']",2014-06-26 12:25:55.663000,4036.0,68.0,2.0
322,596,1,0.0,4.0,2014-06-16 19:48:31.797000,4045.0,Network analysis classic datasets,['dataset'],2014-06-26 13:32:18.050000,4036.0,33.0,1.0
322,597,1,0.0,4.0,2014-06-16 19:48:31.797000,4045.0,0,[],2014-06-26 13:45:16.573000,4036.0,0.0,0.0
1207,598,1,0.0,1.0,2014-06-26 12:25:55.663000,4036.0,0,[],2014-06-26 14:17:44.077000,4036.0,0.0,0.0
1155,598,1,0.0,11.0,2014-06-24 15:44:52.540000,4038.0,0,[],2014-06-26 14:17:44.077000,4036.0,0.0,0.0
941,599,1,0.0,19.0,2014-06-18 14:15:37.957000,4044.0,0,[],2014-06-26 14:21:10.513000,4036.0,0.0,0.0
322,600,1,0.0,4.0,2014-06-16 19:48:31.797000,4045.0,How do you create an optimized walk list given longitude and latitude coordinates?,['algorithms'],2014-06-26 14:39:06.410000,4036.0,82.0,1.0
984,600,1,0.0,14.0,2014-06-18 21:56:29.147000,4043.0,How do you create an optimized walk list given longitude and latitude coordinates?,['algorithms'],2014-06-26 14:39:06.410000,4036.0,82.0,1.0
471,600,1,0.0,65.0,2014-06-11 17:24:53.610000,4051.0,How do you create an optimized walk list given longitude and latitude coordinates?,['algorithms'],2014-06-26 14:39:06.410000,4036.0,82.0,1.0
609,603,1,0.0,34.0,2014-06-10 22:29:52.873000,4051.0,0,[],2014-06-26 18:01:06.443000,4036.0,0.0,0.0
471,603,1,0.0,65.0,2014-06-11 17:24:53.610000,4051.0,0,[],2014-06-26 18:01:06.443000,4036.0,0.0,0.0
21,605,1,0.0,171.0,2014-05-14 12:32:29.503000,4079.0,How to normalize results of Singular Value Decomposition (SVD) between 0 and 1?,"['machine-learning', 'recommender-system']",2014-06-26 19:23:46.043000,4035.0,79.0,2.0
454,607,1,0.0,5.0,2014-06-10 08:04:20.400000,4052.0,Do you need a virtual machine for data science?,['tools'],2014-06-26 22:17:52.570000,4035.0,47.0,1.0
1223,607,1,0.0,2.0,2014-06-26 22:17:52.570000,4035.0,Do you need a virtual machine for data science?,['tools'],2014-06-26 22:17:52.570000,4035.0,47.0,1.0
836,612,1,0.0,453.0,2014-06-26 22:58:32.380000,4035.0,0,[],2014-06-27 07:19:11.420000,4035.0,0.0,0.0
1085,612,1,0.0,11.0,2014-06-21 19:13:47.757000,4040.0,0,[],2014-06-27 07:19:11.420000,4035.0,0.0,0.0
322,616,1,0.0,4.0,2014-06-16 19:48:31.797000,4045.0,Identifying “clusters” or “groups” in a matrix,['r'],2014-06-27 15:58:19.340000,4035.0,46.0,1.0
1235,619,1,0.0,2.0,2014-06-27 12:03:53.357000,4035.0,0,[],2014-06-27 19:37:44.847000,4034.0,0.0,0.0
21,619,1,0.0,171.0,2014-05-14 12:32:29.503000,4079.0,0,[],2014-06-27 19:37:44.847000,4034.0,0.0,0.0
1230,623,1,0.0,0.0,0,0.0,Measuring performance of different classifiers with different sample sizes,['classification'],2014-06-28 14:57:18.177000,4034.0,74.0,1.0
474,623,1,0.0,4.0,2014-06-17 22:28:36.070000,4044.0,Measuring performance of different classifiers with different sample sizes,['classification'],2014-06-28 14:57:18.177000,4034.0,74.0,1.0
836,628,1,0.0,453.0,2014-06-26 22:58:32.380000,4035.0,0,[],2014-06-29 23:14:39.513000,4032.0,0.0,0.0
843,628,1,0.0,101.0,2014-06-29 22:44:02.560000,4032.0,0,[],2014-06-29 23:14:39.513000,4032.0,0.0,0.0
13901,628,1,0.0,0.0,0,0.0,0,[],2014-06-29 23:14:39.513000,4032.0,0.0,0.0
28671,628,1,0.0,0.0,0,0.0,0,[],2014-06-29 23:14:39.513000,4032.0,0.0,0.0
322,636,1,0.0,4.0,2014-06-16 19:48:31.797000,4045.0,Data preparation and machine learning algorithm for click prediction,"['machine-learning', 'data-mining', 'data-cleaning']",2014-06-30 12:05:38.597000,4032.0,68.0,3.0
1273,636,1,0.0,2.0,2014-06-30 12:05:38.597000,4032.0,Data preparation and machine learning algorithm for click prediction,"['machine-learning', 'data-mining', 'data-cleaning']",2014-06-30 12:05:38.597000,4032.0,68.0,3.0
92,636,1,0.0,7.0,2014-05-15 21:41:22.703000,4077.0,Data preparation and machine learning algorithm for click prediction,"['machine-learning', 'data-mining', 'data-cleaning']",2014-06-30 12:05:38.597000,4032.0,68.0,3.0
322,641,1,0.0,4.0,2014-06-16 19:48:31.797000,4045.0,Dataset for Named Entity Recognition on Informal Text,['dataset'],2014-06-30 21:02:05.053000,4031.0,53.0,1.0
2507,641,1,0.0,1.0,2014-07-15 21:30:11.600000,4016.0,Dataset for Named Entity Recognition on Informal Text,['dataset'],2014-06-30 21:02:05.053000,4031.0,53.0,1.0
684,641,1,0.0,9.0,2014-06-19 19:29:57.797000,4042.0,Dataset for Named Entity Recognition on Informal Text,['dataset'],2014-06-30 21:02:05.053000,4031.0,53.0,1.0
843,641,1,0.0,101.0,2014-06-29 22:44:02.560000,4032.0,Dataset for Named Entity Recognition on Informal Text,['dataset'],2014-06-30 21:02:05.053000,4031.0,53.0,1.0
35698,641,1,0.0,1.0,2017-07-18 06:56:52.160000,2918.0,Dataset for Named Entity Recognition on Informal Text,['dataset'],2014-06-30 21:02:05.053000,4031.0,53.0,1.0
60574,641,1,0.0,6.0,2018-11-05 17:24:17.947000,2443.0,Dataset for Named Entity Recognition on Informal Text,['dataset'],2014-06-30 21:02:05.053000,4031.0,53.0,1.0
684,642,1,0.0,9.0,2014-06-19 19:29:57.797000,4042.0,0,[],2014-06-30 23:10:53.397000,4031.0,0.0,0.0
159,642,1,0.0,3.0,2014-06-23 03:44:57.643000,4039.0,0,[],2014-06-30 23:10:53.397000,4031.0,0.0,0.0
984,644,1,0.0,14.0,2014-06-18 21:56:29.147000,4043.0,"Create most ""average"" cosine similarity observation",['recommender-system'],2014-07-01 13:44:23.290000,4031.0,51.0,1.0
24,644,1,0.0,2.0,2014-10-02 08:58:18.340000,3938.0,"Create most ""average"" cosine similarity observation",['recommender-system'],2014-07-01 13:44:23.290000,4031.0,51.0,1.0
754,644,1,0.0,2.0,2014-06-12 15:22:16.247000,4050.0,"Create most ""average"" cosine similarity observation",['recommender-system'],2014-07-01 13:44:23.290000,4031.0,51.0,1.0
1283,646,1,0.0,3.0,2014-07-01 17:03:31.907000,4031.0,Spatial index for variable kernel nonparametric density,['data-indexing-techniques'],2014-07-01 17:03:31.907000,4031.0,55.0,1.0
754,649,1,0.0,2.0,2014-06-12 15:22:16.247000,4050.0,0,[],2014-07-01 23:11:35.627000,4030.0,0.0,0.0
15527,650,1,0.0,60.0,2016-01-19 00:01:42.273000,3464.0,0,[],2014-07-02 08:40:09.773000,4030.0,0.0,0.0
113,653,1,0.0,3.0,2014-05-16 14:26:12.270000,4077.0,Which non-training classification methods are available?,['classification'],2014-07-02 13:40:27,4030.0,56.0,1.0
133,654,1,0.0,14.0,2014-05-21 15:12:18.980000,4072.0,0,[],2014-07-02 14:14:22.593000,4030.0,0.0,0.0
964,654,1,0.0,22.0,2014-06-20 19:15:52.093000,4041.0,0,[],2014-07-02 14:14:22.593000,4030.0,0.0,0.0
836,655,1,0.0,453.0,2014-06-26 22:58:32.380000,4035.0,Foreign exchange market forecasting with neural networks,['neural-network'],2014-07-02 14:40:55.413000,4030.0,56.0,1.0
1300,655,1,0.0,1.0,2014-07-02 14:40:55.413000,4030.0,Foreign exchange market forecasting with neural networks,['neural-network'],2014-07-02 14:40:55.413000,4030.0,56.0,1.0
1367,658,1,0.0,16.0,2014-07-07 10:25:55.323000,4025.0,Prediction with non-atomic features,['machine-learning'],2014-07-02 20:54:53.767000,4029.0,35.0,1.0
21,660,1,0.0,171.0,2014-05-14 12:32:29.503000,4079.0,Linear Regression in R Mapreduce(RHadoop),"['machine-learning', 'apache-hadoop']",2014-07-03 10:49:50.993000,4029.0,41.0,2.0
1155,660,1,0.0,11.0,2014-06-24 15:44:52.540000,4038.0,Linear Regression in R Mapreduce(RHadoop),"['machine-learning', 'apache-hadoop']",2014-07-03 10:49:50.993000,4029.0,41.0,2.0
1235,660,1,0.0,2.0,2014-06-27 12:03:53.357000,4035.0,Linear Regression in R Mapreduce(RHadoop),"['machine-learning', 'apache-hadoop']",2014-07-03 10:49:50.993000,4029.0,41.0,2.0
2723,660,1,0.0,32.0,2014-12-05 15:29:04.743000,3874.0,Linear Regression in R Mapreduce(RHadoop),"['machine-learning', 'apache-hadoop']",2014-07-03 10:49:50.993000,4029.0,41.0,2.0
434,661,1,0.0,36.0,2014-06-10 01:40:23.263000,4052.0,Cannot make user directory on a new CDH5 installation (Hadoop),['bigdata'],2014-07-03 14:18:14.387000,4029.0,62.0,1.0
21,661,1,0.0,171.0,2014-05-14 12:32:29.503000,4079.0,Cannot make user directory on a new CDH5 installation (Hadoop),['bigdata'],2014-07-03 14:18:14.387000,4029.0,62.0,1.0
1315,663,1,0.0,2.0,2014-07-03 16:11:22.637000,4029.0,0,[],2014-07-03 17:06:13.143000,4029.0,0.0,0.0
375,663,1,0.0,7.0,2014-06-06 14:55:18.867000,4056.0,0,[],2014-07-03 17:06:13.143000,4029.0,0.0,0.0
1315,667,1,0.0,2.0,2014-07-03 16:11:22.637000,4029.0,0,[],2014-07-03 20:47:20.147000,4028.0,0.0,0.0
984,667,1,0.0,14.0,2014-06-18 21:56:29.147000,4043.0,0,[],2014-07-03 20:47:20.147000,4028.0,0.0,0.0
24931,667,1,0.0,0.0,0,0.0,0,[],2014-07-03 20:47:20.147000,4028.0,0.0,0.0
1300,669,1,0.0,1.0,2014-07-02 14:40:55.413000,4030.0,0,[],2014-07-03 23:00:42.350000,4028.0,0.0,0.0
375,671,1,0.0,7.0,2014-06-06 14:55:18.867000,4056.0,Linearly increasing data with manual reset,"['machine-learning', 'time-series']",2014-07-04 05:12:44.707000,4028.0,42.0,2.0
1315,675,1,0.0,2.0,2014-07-03 16:11:22.637000,4029.0,0,[],2014-07-04 22:46:32.130000,4027.0,0.0,0.0
1279,675,1,0.0,25.0,2014-07-04 22:46:32.130000,4027.0,0,[],2014-07-04 22:46:32.130000,4027.0,0.0,0.0
15817,675,1,0.0,0.0,0,0.0,0,[],2014-07-04 22:46:32.130000,4027.0,0.0,0.0
24931,675,1,0.0,0.0,0,0.0,0,[],2014-07-04 22:46:32.130000,4027.0,0.0,0.0
84712,675,1,0.0,3.0,2020-01-04 22:05:58.633000,2017.0,0,[],2014-07-04 22:46:32.130000,4027.0,0.0,0.0
20995,676,1,0.0,3.0,2016-07-14 11:36:34.623000,3287.0,0,[],2014-07-05 14:48:10.570000,4027.0,0.0,0.0
16170,676,1,0.0,3.0,2016-02-10 19:32:57.467000,3441.0,0,[],2014-07-05 14:48:10.570000,4027.0,0.0,0.0
1355,676,1,0.0,1.0,2014-07-05 14:48:10.570000,4027.0,0,[],2014-07-05 14:48:10.570000,4027.0,0.0,0.0
55122,676,1,0.0,466.0,2019-01-17 20:26:02.717000,2369.0,0,[],2014-07-05 14:48:10.570000,4027.0,0.0,0.0
1367,677,1,0.0,16.0,2014-07-07 10:25:55.323000,4025.0,Struggling to integrate sklearn and pandas in simple Kaggle task,"['python', 'scikit-learn']",2014-07-05 15:01:43.940000,4027.0,64.0,2.0
1156,677,1,0.0,21.0,2014-08-04 19:28:38.173000,3996.0,Struggling to integrate sklearn and pandas in simple Kaggle task,"['python', 'scikit-learn']",2014-07-05 15:01:43.940000,4027.0,64.0,2.0
1279,679,1,0.0,25.0,2014-07-04 22:46:32.130000,4027.0,What are some standard ways of computing the distance between individual search queries?,"['machine-learning', 'search']",2014-07-05 16:20:17.963000,4027.0,88.0,2.0
1006,679,1,0.0,0.0,0,0.0,What are some standard ways of computing the distance between individual search queries?,"['machine-learning', 'search']",2014-07-05 16:20:17.963000,4027.0,88.0,2.0
322,679,1,0.0,4.0,2014-06-16 19:48:31.797000,4045.0,What are some standard ways of computing the distance between individual search queries?,"['machine-learning', 'search']",2014-07-05 16:20:17.963000,4027.0,88.0,2.0
1097,679,1,0.0,11.0,2014-07-05 16:10:21.580000,4027.0,What are some standard ways of computing the distance between individual search queries?,"['machine-learning', 'search']",2014-07-05 16:20:17.963000,4027.0,88.0,2.0
1301,680,1,0.0,7.0,2014-07-02 15:52:44.470000,4030.0,0,[],2014-07-06 00:01:41.327000,4026.0,0.0,0.0
13727,683,1,0.0,67.0,2015-10-28 07:47:26.290000,3547.0,Build a binary classifier with only positive and unlabeled data,['classification'],2014-07-07 09:34:36.950000,4025.0,63.0,1.0
11097,683,1,0.0,217.0,2015-01-19 19:17:36.820000,3828.0,Build a binary classifier with only positive and unlabeled data,['classification'],2014-07-07 09:34:36.950000,4025.0,63.0,1.0
974,684,1,0.0,4.0,2014-07-05 15:01:43.940000,4027.0,0,[],2014-07-07 10:25:55.323000,4025.0,0.0,0.0
1367,684,1,0.0,16.0,2014-07-07 10:25:55.323000,4025.0,0,[],2014-07-07 10:25:55.323000,4025.0,0.0,0.0
676,685,1,0.0,29.0,2014-09-02 19:29:07.490000,3967.0,Stochastic gradient descent in logistic regression,"['machine-learning', 'r', 'gradient-descent']",2014-07-07 11:43:48.430000,4025.0,50.0,3.0
1301,686,1,0.0,7.0,2014-07-02 15:52:44.470000,4030.0,0,[],2014-07-07 13:23:28.220000,4025.0,0.0,0.0
906,687,1,0.0,6.0,2014-06-17 06:05:39.653000,4045.0,0,[],2014-07-07 14:15:51.117000,4025.0,0.0,0.0
548,687,1,0.0,21.0,2014-06-16 04:21:36.340000,4046.0,0,[],2014-07-07 14:15:51.117000,4025.0,0.0,0.0
906,690,1,0.0,6.0,2014-06-17 06:05:39.653000,4045.0,0,[],2014-07-07 18:06:24.583000,4025.0,0.0,0.0
869,691,1,0.0,0.0,0,0.0,0,[],2014-07-07 18:20:36.090000,4024.0,0.0,0.0
1301,691,1,0.0,7.0,2014-07-02 15:52:44.470000,4030.0,0,[],2014-07-07 18:20:36.090000,4024.0,0.0,0.0
1315,693,1,0.0,2.0,2014-07-03 16:11:22.637000,4029.0,0,[],2014-07-07 18:36:23.430000,4024.0,0.0,0.0
1301,693,1,0.0,7.0,2014-07-02 15:52:44.470000,4030.0,0,[],2014-07-07 18:36:23.430000,4024.0,0.0,0.0
24931,693,1,0.0,0.0,0,0.0,0,[],2014-07-07 18:36:23.430000,4024.0,0.0,0.0
322,694,1,0.0,4.0,2014-06-16 19:48:31.797000,4045.0,Best python library for neural networks,"['machine-learning', 'neural-network']",2014-07-07 19:17:04.973000,4024.0,39.0,2.0
3342,694,1,0.0,0.0,0,0.0,Best python library for neural networks,"['machine-learning', 'neural-network']",2014-07-07 19:17:04.973000,4024.0,39.0,2.0
10519,694,1,0.0,0.0,0,0.0,Best python library for neural networks,"['machine-learning', 'neural-network']",2014-07-07 19:17:04.973000,4024.0,39.0,2.0
836,694,1,0.0,453.0,2014-06-26 22:58:32.380000,4035.0,Best python library for neural networks,"['machine-learning', 'neural-network']",2014-07-07 19:17:04.973000,4024.0,39.0,2.0
10327,694,1,0.0,14.0,2015-06-23 16:36:41.873000,3674.0,Best python library for neural networks,"['machine-learning', 'neural-network']",2014-07-07 19:17:04.973000,4024.0,39.0,2.0
381,694,1,0.0,226.0,2014-06-08 07:03:43.710000,4054.0,Best python library for neural networks,"['machine-learning', 'neural-network']",2014-07-07 19:17:04.973000,4024.0,39.0,2.0
14617,694,1,0.0,1.0,2016-02-01 16:17:26.047000,3451.0,Best python library for neural networks,"['machine-learning', 'neural-network']",2014-07-07 19:17:04.973000,4024.0,39.0,2.0
6,694,1,0.0,0.0,0,0.0,Best python library for neural networks,"['machine-learning', 'neural-network']",2014-07-07 19:17:04.973000,4024.0,39.0,2.0
40422,694,1,0.0,1.0,2019-11-13 10:16:19.540000,2070.0,Best python library for neural networks,"['machine-learning', 'neural-network']",2014-07-07 19:17:04.973000,4024.0,39.0,2.0
62867,694,1,0.0,2.0,2018-11-29 19:46:41.877000,2418.0,Best python library for neural networks,"['machine-learning', 'neural-network']",2014-07-07 19:17:04.973000,4024.0,39.0,2.0
10907,695,1,0.0,3.0,2015-07-26 17:08:34.013000,3641.0,0,[],2014-07-07 19:55:51.057000,4024.0,0.0,0.0
12980,695,1,0.0,0.0,0,0.0,0,[],2014-07-07 19:55:51.057000,4024.0,0.0,0.0
843,695,1,0.0,101.0,2014-06-29 22:44:02.560000,4032.0,0,[],2014-07-07 19:55:51.057000,4024.0,0.0,0.0
8820,695,1,0.0,224.0,2015-03-25 19:45:31.320000,3763.0,0,[],2014-07-07 19:55:51.057000,4024.0,0.0,0.0
59171,695,1,0.0,42.0,2018-09-16 14:11:11.580000,2493.0,0,[],2014-07-07 19:55:51.057000,4024.0,0.0,0.0
61445,695,1,0.0,64.0,2019-01-31 14:16:49.223000,2356.0,0,[],2014-07-07 19:55:51.057000,4024.0,0.0,0.0
71680,695,1,0.0,0.0,0,0.0,0,[],2014-07-07 19:55:51.057000,4024.0,0.0,0.0
1279,697,1,0.0,25.0,2014-07-04 22:46:32.130000,4027.0,Running huge datasets with R,"['bigdata', 'optimization']",2014-07-07 21:26:36.830000,4024.0,28.0,2.0
1097,699,1,0.0,11.0,2014-07-05 16:10:21.580000,4027.0,0,[],2014-07-08 06:40:36.923000,4024.0,0.0,0.0
375,700,1,0.0,7.0,2014-06-06 14:55:18.867000,4056.0,Efficient dynamic clustering,"['machine-learning', 'clustering', 'hierarchical-data-format']",2014-07-08 07:29:34.167000,4024.0,28.0,3.0
684,700,1,0.0,9.0,2014-06-19 19:29:57.797000,4042.0,Efficient dynamic clustering,"['machine-learning', 'clustering', 'hierarchical-data-format']",2014-07-08 07:29:34.167000,4024.0,28.0,3.0
1367,701,1,0.0,16.0,2014-07-07 10:25:55.323000,4025.0,Clustering pair-wise distance dataset,"['data-mining', 'dbscan']",2014-07-08 07:37:57.123000,4024.0,37.0,2.0
1367,704,1,0.0,16.0,2014-07-07 10:25:55.323000,4025.0,Working with HPC clusters,['bigdata'],2014-07-08 13:45:07.583000,4024.0,25.0,1.0
1273,705,1,0.0,2.0,2014-06-30 12:05:38.597000,4032.0,0,[],2014-07-08 14:32:55.827000,4024.0,0.0,0.0
1399,705,1,0.0,5.0,2014-07-08 14:32:55.827000,4024.0,0,[],2014-07-08 14:32:55.827000,4024.0,0.0,0.0
1237,711,1,0.0,4.0,2014-06-27 13:22:22.577000,4035.0,"Are Support Vector Machines still considered ""state of the art"" in their niche?","['data-mining', 'state-of-the-art']",2014-07-09 12:22:22.400000,4023.0,79.0,2.0
6672,711,1,0.0,2.0,2015-01-04 23:57:20.150000,3843.0,"Are Support Vector Machines still considered ""state of the art"" in their niche?","['data-mining', 'state-of-the-art']",2014-07-09 12:22:22.400000,4023.0,79.0,2.0
836,711,1,0.0,453.0,2014-06-26 22:58:32.380000,4035.0,"Are Support Vector Machines still considered ""state of the art"" in their niche?","['data-mining', 'state-of-the-art']",2014-07-09 12:22:22.400000,4023.0,79.0,2.0
548,712,1,0.0,21.0,2014-06-16 04:21:36.340000,4046.0,0,[],2014-07-09 13:07:13.303000,4023.0,0.0,0.0
984,712,1,0.0,14.0,2014-06-18 21:56:29.147000,4043.0,0,[],2014-07-09 13:07:13.303000,4023.0,0.0,0.0
119,712,1,0.0,3.0,2014-05-14 17:06:33.337000,4079.0,0,[],2014-07-09 13:07:13.303000,4023.0,0.0,0.0
23437,712,1,0.0,5.0,2017-01-17 23:08:13.620000,3099.0,0,[],2014-07-09 13:07:13.303000,4023.0,0.0,0.0
33504,712,1,0.0,0.0,0,0.0,0,[],2014-07-09 13:07:13.303000,4023.0,0.0,0.0
21,713,1,0.0,171.0,2014-05-14 12:32:29.503000,4079.0,Cloudera QuickStart VM Error,['apache-hadoop'],2014-07-09 17:51:40.583000,4023.0,28.0,1.0
322,713,1,0.0,4.0,2014-06-16 19:48:31.797000,4045.0,Cloudera QuickStart VM Error,['apache-hadoop'],2014-07-09 17:51:40.583000,4023.0,28.0,1.0
2460,713,1,0.0,0.0,0,0.0,Cloudera QuickStart VM Error,['apache-hadoop'],2014-07-09 17:51:40.583000,4023.0,28.0,1.0
21,715,1,0.0,171.0,2014-05-14 12:32:29.503000,4079.0,0,[],2014-07-10 09:16:39.937000,4022.0,0.0,0.0
836,716,1,0.0,453.0,2014-06-26 22:58:32.380000,4035.0,How to choose the features for a neural network?,"['machine-learning', 'feature-selection']",2014-07-10 10:07:13.523000,4022.0,48.0,2.0
989,718,1,0.0,9.0,2014-06-18 23:02:54.200000,4043.0,0,[],2014-07-10 15:43:53.177000,4022.0,0.0,0.0
684,718,1,0.0,9.0,2014-06-19 19:29:57.797000,4042.0,0,[],2014-07-10 15:43:53.177000,4022.0,0.0,0.0
979,720,1,0.0,10.0,2014-07-09 11:05:40.813000,4023.0,0,[],2014-07-10 23:38:58.153000,4021.0,0.0,0.0
1156,722,1,0.0,21.0,2014-08-04 19:28:38.173000,3996.0,0,[],2014-07-11 09:49:32.933000,4021.0,0.0,0.0
2452,722,1,0.0,90.0,2014-07-11 09:49:32.933000,4021.0,0,[],2014-07-11 09:49:32.933000,4021.0,0.0,0.0
14171,726,1,0.0,0.0,0,0.0,Trying to understand free-energy equations in a Karl Friston neuroscience article,['neural-network'],2014-07-11 21:09:58.873000,4020.0,81.0,1.0
1367,729,1,0.0,16.0,2014-07-07 10:25:55.323000,4025.0,0,[],2014-07-11 23:08:16.267000,4020.0,0.0,0.0
375,729,1,0.0,7.0,2014-06-06 14:55:18.867000,4056.0,0,[],2014-07-11 23:08:16.267000,4020.0,0.0,0.0
870,729,1,0.0,1.0,2014-07-04 05:12:44.707000,4028.0,0,[],2014-07-11 23:08:16.267000,4020.0,0.0,0.0
322,730,1,0.0,4.0,2014-06-16 19:48:31.797000,4045.0,"Is FPGrowth still considered ""state of the art"" in frequent pattern mining?","['bigdata', 'efficiency']",2014-07-12 17:25:52.907000,4020.0,75.0,2.0
84,730,1,0.0,25.0,2014-05-14 03:56:20.963000,4079.0,"Is FPGrowth still considered ""state of the art"" in frequent pattern mining?","['bigdata', 'efficiency']",2014-07-12 17:25:52.907000,4020.0,75.0,2.0
2458,734,1,0.0,1.0,2014-07-11 21:09:58.873000,4020.0,0,[],2014-07-14 12:08:13.373000,4018.0,0.0,0.0
802,737,1,0.0,9.0,2014-07-14 13:53:28.437000,4018.0,0,[],2014-07-14 15:58:42.517000,4018.0,0.0,0.0
2485,737,1,0.0,1.0,2014-07-14 15:58:42.517000,4018.0,0,[],2014-07-14 15:58:42.517000,4018.0,0.0,0.0
62,739,1,0.0,4.0,2014-05-14 12:39:41.197000,4079.0,"Starting my career as Data Scientist, is Software Engineering experience required?","['education', 'career']",2014-07-14 19:02:01.670000,4017.0,82.0,2.0
1048,739,1,0.0,7.0,2014-10-10 03:33:45.353000,3930.0,"Starting my career as Data Scientist, is Software Engineering experience required?","['education', 'career']",2014-07-14 19:02:01.670000,4017.0,82.0,2.0
802,740,1,0.0,9.0,2014-07-14 13:53:28.437000,4018.0,0,[],2014-07-14 19:06:44.090000,4017.0,0.0,0.0
1350,740,1,0.0,2.0,2014-07-14 19:06:44.090000,4017.0,0,[],2014-07-14 19:06:44.090000,4017.0,0.0,0.0
21,742,1,0.0,171.0,2014-05-14 12:32:29.503000,4079.0,0,[],2014-07-15 06:19:31.820000,4017.0,0.0,0.0
13686,742,1,0.0,24.0,2015-10-26 14:22:36.297000,3549.0,0,[],2014-07-15 06:19:31.820000,4017.0,0.0,0.0
66873,742,1,0.0,0.0,0,0.0,0,[],2014-07-15 06:19:31.820000,4017.0,0.0,0.0
2452,742,1,0.0,90.0,2014-07-11 09:49:32.933000,4021.0,0,[],2014-07-15 06:19:31.820000,4017.0,0.0,0.0
21,744,1,0.0,171.0,2014-05-14 12:32:29.503000,4079.0,Cosine similarity versus dot product as distance metrics,['classification'],2014-07-15 21:30:11.600000,4016.0,56.0,1.0
2809,744,1,0.0,1.0,2014-08-02 14:55:37.347000,3999.0,Cosine similarity versus dot product as distance metrics,['classification'],2014-07-15 21:30:11.600000,4016.0,56.0,1.0
2507,744,1,0.0,1.0,2014-07-15 21:30:11.600000,4016.0,Cosine similarity versus dot product as distance metrics,['classification'],2014-07-15 21:30:11.600000,4016.0,56.0,1.0
941,746,1,0.0,19.0,2014-06-18 14:15:37.957000,4044.0,0,[],2014-07-16 03:32:16.270000,4016.0,0.0,0.0
2452,746,1,0.0,90.0,2014-07-11 09:49:32.933000,4021.0,0,[],2014-07-16 03:32:16.270000,4016.0,0.0,0.0
21,748,1,0.0,171.0,2014-05-14 12:32:29.503000,4079.0,Why use mean revenue in a split test?,['research'],2014-07-16 07:47:48.603000,4016.0,37.0,1.0
7848,749,1,0.0,11.0,2015-06-06 07:00:13.363000,3691.0,Meaning of latent features?,"['machine-learning', 'recommender-system']",2014-07-16 09:24:51.780000,4016.0,27.0,2.0
21,751,1,0.0,171.0,2014-05-14 12:32:29.503000,4079.0,0,[],2014-07-16 10:42:55.793000,4016.0,0.0,0.0
941,751,1,0.0,19.0,2014-06-18 14:15:37.957000,4044.0,0,[],2014-07-16 10:42:55.793000,4016.0,0.0,0.0
29342,752,1,0.0,0.0,0,0.0,0,[],2014-07-16 11:07:56.467000,4016.0,0.0,0.0
2452,752,1,0.0,90.0,2014-07-11 09:49:32.933000,4021.0,0,[],2014-07-16 11:07:56.467000,4016.0,0.0,0.0
322,753,1,0.0,4.0,2014-06-16 19:48:31.797000,4045.0,0,[],2014-07-16 13:05:41.123000,4016.0,0.0,0.0
122,753,1,0.0,24.0,2014-05-18 06:10:52.543000,4075.0,0,[],2014-07-16 13:05:41.123000,4016.0,0.0,0.0
1387,755,1,0.0,1.0,2014-07-16 09:49:15.933000,4016.0,0,[],2014-07-16 17:34:24.880000,4016.0,0.0,0.0
984,755,1,0.0,14.0,2014-06-18 21:56:29.147000,4043.0,0,[],2014-07-16 17:34:24.880000,4016.0,0.0,0.0
76125,756,1,0.0,1.0,2021-10-01 05:22:45.517000,1382.0,0,[],2014-07-16 18:15:42.343000,4015.0,0.0,0.0
123472,756,1,0.0,0.0,0,0.0,0,[],2014-07-16 18:15:42.343000,4015.0,0.0,0.0
989,757,1,0.0,9.0,2014-06-18 23:02:54.200000,4043.0,0,[],2014-07-16 18:26:54.233000,4015.0,0.0,0.0
325,757,1,0.0,3.0,2014-07-16 18:26:54.233000,4015.0,0,[],2014-07-16 18:26:54.233000,4015.0,0.0,0.0
322,758,1,0.0,4.0,2014-06-16 19:48:31.797000,4045.0,Tools and protocol for reproducible data science using Python,"['python', 'version-control']",2014-07-16 20:09:08.640000,4015.0,61.0,2.0
895,758,1,0.0,2.0,2014-07-16 20:09:08.640000,4015.0,Tools and protocol for reproducible data science using Python,"['python', 'version-control']",2014-07-16 20:09:08.640000,4015.0,61.0,2.0
8820,758,1,0.0,224.0,2015-03-25 19:45:31.320000,3763.0,Tools and protocol for reproducible data science using Python,"['python', 'version-control']",2014-07-16 20:09:08.640000,4015.0,61.0,2.0
2544,759,1,0.0,1.0,2014-07-17 14:28:38.207000,4015.0,0,[],2014-07-17 06:02:04.813000,4015.0,0.0,0.0
2452,759,1,0.0,90.0,2014-07-11 09:49:32.933000,4021.0,0,[],2014-07-17 06:02:04.813000,4015.0,0.0,0.0
9420,759,1,0.0,80.0,2015-05-03 00:30:18.570000,3725.0,0,[],2014-07-17 06:02:04.813000,4015.0,0.0,0.0
2532,760,1,0.0,2.0,2017-11-21 14:20:28.917000,2792.0,"Given time series data, how to model the frequency of someone changes his job?",['data-mining'],2014-07-17 09:26:11.833000,4015.0,78.0,1.0
1315,760,1,0.0,2.0,2014-07-03 16:11:22.637000,4029.0,"Given time series data, how to model the frequency of someone changes his job?",['data-mining'],2014-07-17 09:26:11.833000,4015.0,78.0,1.0
31513,761,1,0.0,11.0,2015-11-19 02:46:12.347000,3525.0,"Clustering geo location coordinates (lat,long pairs)","['machine-learning', 'clustering', 'geospatial']",2014-07-17 09:50:41.437000,4015.0,52.0,3.0
1289,761,1,0.0,3.0,2014-07-03 08:00:10.823000,4029.0,"Clustering geo location coordinates (lat,long pairs)","['machine-learning', 'clustering', 'geospatial']",2014-07-17 09:50:41.437000,4015.0,52.0,3.0
2587,764,1,0.0,0.0,0,0.0,0,[],2014-07-17 12:34:11.397000,4015.0,0.0,0.0
471,764,1,0.0,65.0,2014-06-11 17:24:53.610000,4051.0,0,[],2014-07-17 12:34:11.397000,4015.0,0.0,0.0
32177,764,1,0.0,4.0,2017-05-12 13:51:30.130000,2985.0,0,[],2014-07-17 12:34:11.397000,4015.0,0.0,0.0
38976,764,1,0.0,0.0,0,0.0,0,[],2014-07-17 12:34:11.397000,4015.0,0.0,0.0
131,766,1,0.0,1.0,2014-07-17 10:04:29.797000,4015.0,0,[],2014-07-17 14:07:12.643000,4015.0,0.0,0.0
159,766,1,0.0,3.0,2014-06-23 03:44:57.643000,4039.0,0,[],2014-07-17 14:07:12.643000,4015.0,0.0,0.0
964,768,1,0.0,22.0,2014-06-20 19:15:52.093000,4041.0,0,0,0,0.0,0.0,0.0
1387,769,1,0.0,1.0,2014-07-16 09:49:15.933000,4016.0,0,0,0,0.0,0.0,0.0
nan,769,1,0.0,0.0,0,0.0,0,0,0,0.0,0.0,0.0
21,777,1,0.0,171.0,2014-05-14 12:32:29.503000,4079.0,Getting GitHub repository information by different criteria,"['bigdata', 'python']",2014-07-18 22:29:05.017000,4013.0,59.0,2.0
2452,782,1,0.0,90.0,2014-07-11 09:49:32.933000,4021.0,0,[],2014-07-19 03:42:34.433000,4013.0,0.0,0.0
156,783,1,0.0,6.0,2014-05-15 11:46:38.170000,4078.0,"Data visualization for pattern analysis (language-independent, but R preferred)",['r'],2014-07-19 05:27:22.773000,4013.0,79.0,1.0
2724,783,1,0.0,3.0,2014-08-06 23:37:15.293000,3994.0,"Data visualization for pattern analysis (language-independent, but R preferred)",['r'],2014-07-19 05:27:22.773000,4013.0,79.0,1.0
2604,783,1,0.0,1.0,2014-07-19 05:27:22.773000,4013.0,"Data visualization for pattern analysis (language-independent, but R preferred)",['r'],2014-07-19 05:27:22.773000,4013.0,79.0,1.0
989,784,1,0.0,9.0,2014-06-18 23:02:54.200000,4043.0,Why should I care about seasonal data when I forecast?,['machine-learning'],2014-07-19 18:31:36.573000,4012.0,54.0,1.0
84,784,1,0.0,25.0,2014-05-14 03:56:20.963000,4079.0,Why should I care about seasonal data when I forecast?,['machine-learning'],2014-07-19 18:31:36.573000,4012.0,54.0,1.0
2604,785,1,0.0,1.0,2014-07-19 05:27:22.773000,4013.0,0,[],2014-07-19 18:47:38.787000,4012.0,0.0,0.0
471,785,1,0.0,65.0,2014-06-11 17:24:53.610000,4051.0,0,[],2014-07-19 18:47:38.787000,4012.0,0.0,0.0
1279,787,1,0.0,25.0,2014-07-04 22:46:32.130000,4027.0,Hadoop Resource Manager Won't Start,['apache-hadoop'],2014-07-19 20:51:58.527000,4012.0,35.0,1.0
21,787,1,0.0,171.0,2014-05-14 12:32:29.503000,4079.0,Hadoop Resource Manager Won't Start,['apache-hadoop'],2014-07-19 20:51:58.527000,4012.0,35.0,1.0
2614,787,1,0.0,4.0,2014-07-19 20:51:58.527000,4012.0,Hadoop Resource Manager Won't Start,['apache-hadoop'],2014-07-19 20:51:58.527000,4012.0,35.0,1.0
28454,787,1,0.0,0.0,0,0.0,Hadoop Resource Manager Won't Start,['apache-hadoop'],2014-07-19 20:51:58.527000,4012.0,35.0,1.0
21,791,1,0.0,171.0,2014-05-14 12:32:29.503000,4079.0,Job title similarity,['machine-learning'],2014-07-21 09:00:04.917000,4011.0,20.0,1.0
471,793,1,0.0,65.0,2014-06-11 17:24:53.610000,4051.0,Uses of NoSQL database in data science,"['bigdata', 'mongodb']",2014-07-21 13:41:13.427000,4011.0,38.0,2.0
2643,793,1,0.0,4.0,2014-07-21 13:41:13.427000,4011.0,Uses of NoSQL database in data science,"['bigdata', 'mongodb']",2014-07-21 13:41:13.427000,4011.0,38.0,2.0
684,794,1,0.0,9.0,2014-06-19 19:29:57.797000,4042.0,0,[],2014-07-21 15:35:59.540000,4011.0,0.0,0.0
1256,794,1,0.0,16.0,2014-08-18 17:05:19.957000,3983.0,0,[],2014-07-21 15:35:59.540000,4011.0,0.0,0.0
921,795,1,0.0,1.0,2014-07-21 09:00:04.917000,4011.0,0,[],2014-07-21 16:15:07.010000,4011.0,0.0,0.0
375,795,1,0.0,7.0,2014-06-06 14:55:18.867000,4056.0,0,[],2014-07-21 16:15:07.010000,4011.0,0.0,0.0
869,795,1,0.0,0.0,0,0.0,0,[],2014-07-21 16:15:07.010000,4011.0,0.0,0.0
2643,797,1,0.0,4.0,2014-07-21 13:41:13.427000,4011.0,0,[],2014-07-21 19:06:43.223000,4010.0,0.0,0.0
548,797,1,0.0,21.0,2014-06-16 04:21:36.340000,4046.0,0,[],2014-07-21 19:06:43.223000,4010.0,0.0,0.0
2711,797,1,0.0,1.0,2014-07-25 03:05:38.107000,4007.0,0,[],2014-07-21 19:06:43.223000,4010.0,0.0,0.0
921,798,1,0.0,1.0,2014-07-21 09:00:04.917000,4011.0,0,[],2014-07-21 20:42:00.143000,4010.0,0.0,0.0
21,798,1,0.0,171.0,2014-05-14 12:32:29.503000,4079.0,0,[],2014-07-21 20:42:00.143000,4010.0,0.0,0.0
381,798,1,0.0,226.0,2014-06-08 07:03:43.710000,4054.0,0,[],2014-07-21 20:42:00.143000,4010.0,0.0,0.0
1279,798,1,0.0,25.0,2014-07-04 22:46:32.130000,4027.0,0,[],2014-07-21 20:42:00.143000,4010.0,0.0,0.0
2604,799,1,0.0,1.0,2014-07-19 05:27:22.773000,4013.0,0,[],2014-07-21 21:17:07.303000,4010.0,0.0,0.0
3466,800,1,0.0,28.0,2014-09-29 17:46:58.617000,3941.0,0,[],2014-07-21 21:29:26.270000,4010.0,0.0,0.0
684,801,1,0.0,9.0,2014-06-19 19:29:57.797000,4042.0,0,[],2014-07-21 21:32:12.963000,4010.0,0.0,0.0
836,802,1,0.0,453.0,2014-06-26 22:58:32.380000,4035.0,Efficient database model for storing data indexed by n-grams,['nlp'],2014-07-21 23:53:11.120000,4010.0,60.0,1.0
924,806,1,0.0,349.0,2014-06-25 15:42:19.287000,4037.0,Advantages of AUC vs standard accuracy,['machine-learning'],2014-07-22 03:43:20.327000,4010.0,38.0,1.0
1241,806,1,0.0,9.0,2014-07-28 16:23:39.600000,4004.0,Advantages of AUC vs standard accuracy,['machine-learning'],2014-07-22 03:43:20.327000,4010.0,38.0,1.0
38714,806,1,0.0,0.0,0,0.0,Advantages of AUC vs standard accuracy,['machine-learning'],2014-07-22 03:43:20.327000,4010.0,38.0,1.0
2532,807,1,0.0,2.0,2017-11-21 14:20:28.917000,2792.0,0,[],2014-07-22 04:10:18.353000,4010.0,0.0,0.0
2513,807,1,0.0,2.0,2014-07-16 14:22:38.677000,4016.0,0,[],2014-07-22 04:10:18.353000,4010.0,0.0,0.0
86325,807,1,0.0,26.0,2020-03-07 19:11:17.357000,1954.0,0,[],2014-07-22 04:10:18.353000,4010.0,0.0,0.0
553,808,1,0.0,2.0,2014-06-10 17:15:52.953000,4052.0,Statistics + Computer Science = Data Science?,"['machine-learning', 'career']",2014-07-22 08:39:33.810000,4010.0,45.0,2.0
62,808,1,0.0,4.0,2014-05-14 12:39:41.197000,4079.0,Statistics + Computer Science = Data Science?,"['machine-learning', 'career']",2014-07-22 08:39:33.810000,4010.0,45.0,2.0
23240,808,1,0.0,131.0,2016-08-09 04:57:46.100000,3261.0,Statistics + Computer Science = Data Science?,"['machine-learning', 'career']",2014-07-22 08:39:33.810000,4010.0,45.0,2.0
2661,811,1,0.0,1.0,2014-07-22 12:29:10.050000,4010.0,0,[],2014-07-22 14:22:49.137000,4010.0,0.0,0.0
2513,811,1,0.0,2.0,2014-07-16 14:22:38.677000,4016.0,0,[],2014-07-22 14:22:49.137000,4010.0,0.0,0.0
1156,811,1,0.0,21.0,2014-08-04 19:28:38.173000,3996.0,0,[],2014-07-22 14:22:49.137000,4010.0,0.0,0.0
1241,811,1,0.0,9.0,2014-07-28 16:23:39.600000,4004.0,0,[],2014-07-22 14:22:49.137000,4010.0,0.0,0.0
13012,811,1,0.0,0.0,0,0.0,0,[],2014-07-22 14:22:49.137000,4010.0,0.0,0.0
24162,811,1,0.0,27.0,2017-10-29 17:15:43.140000,2815.0,0,[],2014-07-22 14:22:49.137000,4010.0,0.0,0.0
984,812,1,0.0,14.0,2014-06-18 21:56:29.147000,4043.0,Visualizing a graph with a million vertices,['visualization'],2014-07-22 15:17:04.810000,4010.0,43.0,1.0
1156,812,1,0.0,21.0,2014-08-04 19:28:38.173000,3996.0,Visualizing a graph with a million vertices,['visualization'],2014-07-22 15:17:04.810000,4010.0,43.0,1.0
21,812,1,0.0,171.0,2014-05-14 12:32:29.503000,4079.0,Visualizing a graph with a million vertices,['visualization'],2014-07-22 15:17:04.810000,4010.0,43.0,1.0
1163,815,1,0.0,2.0,2014-06-24 20:28:33.693000,4037.0,is this a good case for NOSQL?,['nosql'],2014-07-22 19:20:47.580000,4009.0,30.0,1.0
869,815,1,0.0,0.0,0,0.0,is this a good case for NOSQL?,['nosql'],2014-07-22 19:20:47.580000,4009.0,30.0,1.0
8798,819,1,0.0,0.0,0,0.0,0,[],2014-07-23 07:01:01.140000,4009.0,0.0,0.0
989,821,1,0.0,9.0,2014-06-18 23:02:54.200000,4043.0,0,[],2014-07-23 12:57:37.073000,4009.0,0.0,0.0
1156,821,1,0.0,21.0,2014-08-04 19:28:38.173000,3996.0,0,[],2014-07-23 12:57:37.073000,4009.0,0.0,0.0
95,822,1,0.0,2.0,2014-07-23 08:06:21.417000,4009.0,0,[],2014-07-23 13:49:01.423000,4009.0,0.0,0.0
178,822,1,0.0,15.0,2014-05-14 22:03:50.597000,4078.0,0,[],2014-07-23 13:49:01.423000,4009.0,0.0,0.0
95,823,1,0.0,2.0,2014-07-23 08:06:21.417000,4009.0,How should ethics be applied in data science,['social-network-analysis'],2014-07-23 14:04:31.057000,4009.0,44.0,1.0
322,823,1,0.0,4.0,2014-06-16 19:48:31.797000,4045.0,How should ethics be applied in data science,['social-network-analysis'],2014-07-23 14:04:31.057000,4009.0,44.0,1.0
nan,823,1,0.0,0.0,0,0.0,How should ethics be applied in data science,['social-network-analysis'],2014-07-23 14:04:31.057000,4009.0,44.0,1.0
2452,823,1,0.0,90.0,2014-07-11 09:49:32.933000,4021.0,How should ethics be applied in data science,['social-network-analysis'],2014-07-23 14:04:31.057000,4009.0,44.0,1.0
381,823,1,0.0,226.0,2014-06-08 07:03:43.710000,4054.0,How should ethics be applied in data science,['social-network-analysis'],2014-07-23 14:04:31.057000,4009.0,44.0,1.0
471,825,1,0.0,65.0,2014-06-11 17:24:53.610000,4051.0,Are there any annotators or Named Entity Recognition for license plate numbers?,['text-mining'],2014-07-24 00:01:40.760000,4008.0,79.0,1.0
1192,825,1,0.0,2.0,2014-06-25 17:37:23.380000,4037.0,Are there any annotators or Named Entity Recognition for license plate numbers?,['text-mining'],2014-07-24 00:01:40.760000,4008.0,79.0,1.0
548,826,1,0.0,21.0,2014-06-16 04:21:36.340000,4046.0,0,[],2014-07-24 00:34:41.130000,4008.0,0.0,0.0
325,826,1,0.0,3.0,2014-07-16 18:26:54.233000,4015.0,0,[],2014-07-24 00:34:41.130000,4008.0,0.0,0.0
1192,826,1,0.0,2.0,2014-06-25 17:37:23.380000,4037.0,0,[],2014-07-24 00:34:41.130000,4008.0,0.0,0.0
471,829,1,0.0,65.0,2014-06-11 17:24:53.610000,4051.0,Pig script code error?,['bigdata'],2014-07-24 06:26:07.290000,4008.0,22.0,1.0
2532,831,1,0.0,2.0,2017-11-21 14:20:28.917000,2792.0,Data Science Association?,['knowledge-base'],2014-07-24 07:38:07.163000,4008.0,25.0,1.0
366,831,1,0.0,1.0,2014-07-24 07:38:07.163000,4008.0,Data Science Association?,['knowledge-base'],2014-07-24 07:38:07.163000,4008.0,25.0,1.0
62,831,1,0.0,4.0,2014-05-14 12:39:41.197000,4079.0,Data Science Association?,['knowledge-base'],2014-07-24 07:38:07.163000,4008.0,25.0,1.0
2575,832,1,0.0,2.0,2014-07-18 07:43:56.823000,4014.0,How do you plot overlapping durations?,['visualization'],2014-07-24 14:04:09.533000,4008.0,38.0,1.0
2702,832,1,0.0,1.0,2014-07-24 14:04:09.533000,4008.0,How do you plot overlapping durations?,['visualization'],2014-07-24 14:04:09.533000,4008.0,38.0,1.0
2702,833,1,0.0,1.0,2014-07-24 14:04:09.533000,4008.0,0,[],2014-07-24 21:14:45.793000,4007.0,0.0,0.0
325,833,1,0.0,3.0,2014-07-16 18:26:54.233000,4015.0,0,[],2014-07-24 21:14:45.793000,4007.0,0.0,0.0
471,835,1,0.0,65.0,2014-06-11 17:24:53.610000,4051.0,0,[],2014-07-25 03:05:38.107000,4007.0,0.0,0.0
2711,835,1,0.0,1.0,2014-07-25 03:05:38.107000,4007.0,0,[],2014-07-25 03:05:38.107000,4007.0,0.0,0.0
381,840,1,0.0,226.0,2014-06-08 07:03:43.710000,4054.0,How to fix similarity matrix in pandas returning all NaNs?,['pandas'],2014-07-25 17:18:21.393000,4007.0,58.0,1.0
172,840,1,0.0,17.0,2014-05-15 05:19:34.757000,4078.0,How to fix similarity matrix in pandas returning all NaNs?,['pandas'],2014-07-25 17:18:21.393000,4007.0,58.0,1.0
2668,844,1,0.0,4.0,2014-07-22 21:12:08.333000,4009.0,Using Apache Spark to do ML. Keep getting serializing errors,"['apache-spark', 'sentiment-analysis']",2014-07-25 21:03:44.663000,4006.0,60.0,2.0
737,846,1,0.0,2.0,2014-06-12 12:13:26.940000,4050.0,0,[],2014-07-26 01:12:08.167000,4006.0,0.0,0.0
25580,848,1,0.0,0.0,0,0.0,0,[],2014-07-26 16:04:25.363000,4006.0,0.0,0.0
924,848,1,0.0,349.0,2014-06-25 15:42:19.287000,4037.0,0,[],2014-07-26 16:04:25.363000,4006.0,0.0,0.0
2511,850,1,0.0,12.0,2014-07-16 07:47:48.603000,4016.0,0,[],2014-07-27 03:58:22.907000,4005.0,0.0,0.0
1279,851,1,0.0,25.0,2014-07-04 22:46:32.130000,4027.0,Computing Image Similarity based on Color Distribution,"['data-mining', 'similarity']",2014-07-27 21:54:05.003000,4004.0,54.0,2.0
381,851,1,0.0,226.0,2014-06-08 07:03:43.710000,4054.0,Computing Image Similarity based on Color Distribution,"['data-mining', 'similarity']",2014-07-27 21:54:05.003000,4004.0,54.0,2.0
1241,851,1,0.0,9.0,2014-07-28 16:23:39.600000,4004.0,Computing Image Similarity based on Color Distribution,"['data-mining', 'similarity']",2014-07-27 21:54:05.003000,4004.0,54.0,2.0
847,851,1,0.0,35.0,2014-10-27 23:24:46.673000,3912.0,Computing Image Similarity based on Color Distribution,"['data-mining', 'similarity']",2014-07-27 21:54:05.003000,4004.0,54.0,2.0
2750,858,1,0.0,14.0,2014-07-28 07:19:49.877000,4004.0,0,[],2014-07-28 14:48:37.743000,4004.0,0.0,0.0
883,863,1,0.0,1.0,2014-06-23 09:23:27.617000,4039.0,0,[],2014-07-29 13:43:39.060000,4003.0,0.0,0.0
1279,863,1,0.0,25.0,2014-07-04 22:46:32.130000,4027.0,0,[],2014-07-29 13:43:39.060000,4003.0,0.0,0.0
802,865,1,0.0,9.0,2014-07-14 13:53:28.437000,4018.0,How to build parse tree with BNF,['python'],2014-07-30 10:24:54.180000,4002.0,32.0,1.0
471,865,1,0.0,65.0,2014-06-11 17:24:53.610000,4051.0,How to build parse tree with BNF,['python'],2014-07-30 10:24:54.180000,4002.0,32.0,1.0
1279,866,1,0.0,25.0,2014-07-04 22:46:32.130000,4027.0,Predicting next medical condition from past conditions in claims data,['machine-learning'],2014-07-30 11:45:08.313000,4002.0,69.0,1.0
2781,866,1,0.0,1.0,2014-07-30 11:45:08.313000,4002.0,Predicting next medical condition from past conditions in claims data,['machine-learning'],2014-07-30 11:45:08.313000,4002.0,69.0,1.0
1094,866,1,0.0,0.0,0,0.0,Predicting next medical condition from past conditions in claims data,['machine-learning'],2014-07-30 11:45:08.313000,4002.0,69.0,1.0
21,866,1,0.0,171.0,2014-05-14 12:32:29.503000,4079.0,Predicting next medical condition from past conditions in claims data,['machine-learning'],2014-07-30 11:45:08.313000,4002.0,69.0,1.0
68954,866,1,0.0,1.0,2019-03-08 17:15:33.160000,2320.0,Predicting next medical condition from past conditions in claims data,['machine-learning'],2014-07-30 11:45:08.313000,4002.0,69.0,1.0
159528,866,1,0.0,1.0,2024-02-04 17:26:47.480000,526.0,Predicting next medical condition from past conditions in claims data,['machine-learning'],2014-07-30 11:45:08.313000,4002.0,69.0,1.0
869,870,1,0.0,0.0,0,0.0,0,[],2014-07-30 17:42:09.797000,4002.0,0.0,0.0
381,870,1,0.0,226.0,2014-06-08 07:03:43.710000,4054.0,0,[],2014-07-30 17:42:09.797000,4002.0,0.0,0.0
684,871,1,0.0,9.0,2014-06-19 19:29:57.797000,4042.0,0,[],2014-07-30 17:53:40.330000,4002.0,0.0,0.0
2790,871,1,0.0,1.0,2014-07-30 16:27:45.177000,4002.0,0,[],2014-07-30 17:53:40.330000,4002.0,0.0,0.0
9325,874,1,0.0,0.0,0,0.0,0,0,0,0.0,0.0,0.0
2781,876,1,0.0,1.0,2014-07-30 11:45:08.313000,4002.0,0,[],2014-07-31 16:39:37.127000,4001.0,0.0,0.0
1241,876,1,0.0,9.0,2014-07-28 16:23:39.600000,4004.0,0,[],2014-07-31 16:39:37.127000,4001.0,0.0,0.0
2798,878,1,0.0,1.0,2014-07-31 18:52:56.307000,4000.0,0,[],2014-07-31 23:03:33.767000,4000.0,0.0,0.0
1279,878,1,0.0,25.0,2014-07-04 22:46:32.130000,4027.0,0,[],2014-07-31 23:03:33.767000,4000.0,0.0,0.0
2781,881,1,0.0,1.0,2014-07-30 11:45:08.313000,4002.0,0,[],2014-08-01 14:08:13.043000,4000.0,0.0,0.0
2802,883,1,0.0,0.0,0,0.0,R aggregate() with dates,"['r', 'beginner']",2014-08-01 18:13:06.063000,3999.0,24.0,2.0
2666,883,1,0.0,2.0,2014-08-02 04:54:14.757000,3999.0,R aggregate() with dates,"['r', 'beginner']",2014-08-01 18:13:06.063000,3999.0,24.0,2.0
471,883,1,0.0,65.0,2014-06-11 17:24:53.610000,4051.0,R aggregate() with dates,"['r', 'beginner']",2014-08-01 18:13:06.063000,3999.0,24.0,2.0
2614,883,1,0.0,4.0,2014-07-19 20:51:58.527000,4012.0,R aggregate() with dates,"['r', 'beginner']",2014-08-01 18:13:06.063000,3999.0,24.0,2.0
1156,886,1,0.0,21.0,2014-08-04 19:28:38.173000,3996.0,0,[],2014-08-01 23:21:34.360000,3999.0,0.0,0.0
2452,886,1,0.0,90.0,2014-07-11 09:49:32.933000,4021.0,0,[],2014-08-01 23:21:34.360000,3999.0,0.0,0.0
84,890,1,0.0,25.0,2014-05-14 03:56:20.963000,4079.0,0,[],2014-08-02 14:55:37.347000,3999.0,0.0,0.0
nan,890,1,0.0,0.0,0,0.0,0,[],2014-08-02 14:55:37.347000,3999.0,0.0,0.0
1279,893,1,0.0,25.0,2014-07-04 22:46:32.130000,4027.0,How to get correlation between two categorical variable and a categorical variable and continuous variable?,"['r', 'correlation']",2014-08-03 13:07:24.143000,3998.0,107.0,2.0
906,893,1,0.0,6.0,2014-06-17 06:05:39.653000,4045.0,How to get correlation between two categorical variable and a categorical variable and continuous variable?,"['r', 'correlation']",2014-08-03 13:07:24.143000,3998.0,107.0,2.0
13336,893,1,0.0,0.0,0,0.0,How to get correlation between two categorical variable and a categorical variable and continuous variable?,"['r', 'correlation']",2014-08-03 13:07:24.143000,3998.0,107.0,2.0
30633,893,1,0.0,0.0,0,0.0,How to get correlation between two categorical variable and a categorical variable and continuous variable?,"['r', 'correlation']",2014-08-03 13:07:24.143000,3998.0,107.0,2.0
39765,893,1,0.0,0.0,0,0.0,How to get correlation between two categorical variable and a categorical variable and continuous variable?,"['r', 'correlation']",2014-08-03 13:07:24.143000,3998.0,107.0,2.0
1156,896,1,0.0,21.0,2014-08-04 19:28:38.173000,3996.0,How to implement Brown Clustering Algorithm in O(|V|k^2),"['nlp', 'clustering']",2014-08-03 16:38:38.853000,3998.0,56.0,2.0
2817,896,1,0.0,3.0,2014-08-03 16:38:38.853000,3998.0,How to implement Brown Clustering Algorithm in O(|V|k^2),"['nlp', 'clustering']",2014-08-03 16:38:38.853000,3998.0,56.0,2.0
1151,898,1,0.0,12.0,2014-08-03 13:07:24.143000,3998.0,0,[],2014-08-04 09:42:03.590000,3997.0,0.0,0.0
816,898,1,0.0,24.0,2014-06-29 12:48:08.840000,4033.0,0,[],2014-08-04 09:42:03.590000,3997.0,0.0,0.0
9722,898,1,0.0,0.0,0,0.0,0,[],2014-08-04 09:42:03.590000,3997.0,0.0,0.0
10372,898,1,0.0,9.0,2016-08-18 14:02:30.057000,3252.0,0,[],2014-08-04 09:42:03.590000,3997.0,0.0,0.0
26019,898,1,0.0,34.0,2016-11-10 14:59:31.553000,3168.0,0,[],2014-08-04 09:42:03.590000,3997.0,0.0,0.0
61832,898,1,0.0,0.0,0,0.0,0,[],2014-08-04 09:42:03.590000,3997.0,0.0,0.0
120067,898,1,0.0,0.0,0,0.0,0,[],2014-08-04 09:42:03.590000,3997.0,0.0,0.0
1279,902,1,0.0,25.0,2014-07-04 22:46:32.130000,4027.0,When is there enough data for generalization?,"['machine-learning', 'statistics']",2014-08-04 19:10:57.187000,3996.0,45.0,2.0
2452,904,1,0.0,90.0,2014-07-11 09:49:32.933000,4021.0,0,0,0,0.0,0.0,0.0
497,904,1,0.0,7.0,2019-05-20 12:52:56.100000,2247.0,0,0,0,0.0,0.0,0.0
1156,907,1,0.0,21.0,2014-08-04 19:28:38.173000,3996.0,0,[],2014-08-05 07:17:34.750000,3996.0,0.0,0.0
2452,907,1,0.0,90.0,2014-07-11 09:49:32.933000,4021.0,0,[],2014-08-05 07:17:34.750000,3996.0,0.0,0.0
2452,909,1,0.0,90.0,2014-07-11 09:49:32.933000,4021.0,0,[],2014-08-05 08:12:15.647000,3996.0,0.0,0.0
2830,909,1,0.0,1.0,2014-08-04 22:27:10.837000,3996.0,0,[],2014-08-05 08:12:15.647000,3996.0,0.0,0.0
1192,910,1,0.0,2.0,2014-06-25 17:37:23.380000,4037.0,0,[],2014-08-05 09:07:42.393000,3996.0,0.0,0.0
43077,912,1,0.0,99.0,2017-12-10 03:41:59.203000,2773.0,0,[],2014-08-05 12:29:05.300000,3996.0,0.0,0.0
2452,913,1,0.0,90.0,2014-07-11 09:49:32.933000,4021.0,0,[],2014-08-05 12:58:16,3996.0,0.0,0.0
1156,915,1,0.0,21.0,2014-08-04 19:28:38.173000,3996.0,"How do various statistical techniques (regression, PCA, etc) scale with sample size and dimension?","['bigdata', 'efficiency']",2014-08-05 18:36:12.753000,3995.0,98.0,2.0
924,915,1,0.0,349.0,2014-06-25 15:42:19.287000,4037.0,"How do various statistical techniques (regression, PCA, etc) scale with sample size and dimension?","['bigdata', 'efficiency']",2014-08-05 18:36:12.753000,3995.0,98.0,2.0
13005,916,1,0.0,2.0,2015-09-26 02:36:51.623000,3579.0,0,[],2014-08-05 20:24:09.200000,3995.0,0.0,0.0
2452,917,1,0.0,90.0,2014-07-11 09:49:32.933000,4021.0,Solving a system of equations with sparse data,"['machine-learning', 'algorithms']",2014-08-05 20:45:01.383000,3995.0,46.0,2.0
802,918,1,0.0,9.0,2014-07-14 13:53:28.437000,4018.0,0,[],2014-08-05 22:34:04.550000,3995.0,0.0,0.0
2452,918,1,0.0,90.0,2014-07-11 09:49:32.933000,4021.0,0,[],2014-08-05 22:34:04.550000,3995.0,0.0,0.0
1279,919,1,0.0,25.0,2014-07-04 22:46:32.130000,4027.0,Which cross-validation type best suits to binary classification problem,['classification'],2014-08-06 08:41:44.967000,3995.0,71.0,1.0
21,922,1,0.0,171.0,2014-05-14 12:32:29.503000,4079.0,Can I classify set of documents using classifying method using limited number of concepts ?,"['machine-learning', 'text-mining']",2014-08-06 09:08:08.113000,3995.0,91.0,2.0
97,924,1,0.0,46.0,2014-05-14 05:58:21.927000,4079.0,0,[],2014-08-06 12:16:22.850000,3995.0,0.0,0.0
2452,926,1,0.0,90.0,2014-07-11 09:49:32.933000,4021.0,0,[],2014-08-06 13:42:54.083000,3995.0,0.0,0.0
375,927,1,0.0,7.0,2014-06-06 14:55:18.867000,4056.0,how to impute missing values on numpy array created by train_test_split from pandas.DataFrame?,"['pandas', 'scikit-learn']",2014-08-06 15:07:07.457000,3995.0,94.0,2.0
2854,929,1,0.0,3.0,2014-08-06 15:07:07.457000,3995.0,0,[],2014-08-06 17:07:17.520000,3995.0,0.0,0.0
802,929,1,0.0,9.0,2014-07-14 13:53:28.437000,4018.0,0,[],2014-08-06 17:07:17.520000,3995.0,0.0,0.0
2854,930,1,0.0,3.0,2014-08-06 15:07:07.457000,3995.0,0,[],2014-08-06 18:17:29.700000,3994.0,0.0,0.0
2861,933,1,0.0,9.0,2014-08-07 09:33:50.817000,3994.0,0,[],2014-08-07 09:33:50.817000,3994.0,0.0,0.0
2661,934,1,0.0,1.0,2014-07-22 12:29:10.050000,4010.0,Handling huge dataset imbalance (2 class values) and appropriate ML algorithm,['machine-learning'],2014-08-07 10:45:38.557000,3994.0,77.0,1.0
375,934,1,0.0,7.0,2014-06-06 14:55:18.867000,4056.0,Handling huge dataset imbalance (2 class values) and appropriate ML algorithm,['machine-learning'],2014-08-07 10:45:38.557000,3994.0,77.0,1.0
802,936,1,0.0,9.0,2014-07-14 13:53:28.437000,4018.0,R error using Knitr,['r'],2014-08-07 15:12:48.617000,3994.0,19.0,1.0
2792,936,1,0.0,2.0,2014-07-30 18:45:13.790000,4001.0,R error using Knitr,['r'],2014-08-07 15:12:48.617000,3994.0,19.0,1.0
1156,936,1,0.0,21.0,2014-08-04 19:28:38.173000,3996.0,R error using Knitr,['r'],2014-08-07 15:12:48.617000,3994.0,19.0,1.0
2978,936,1,0.0,1.0,2014-08-17 14:17:41.307000,3984.0,R error using Knitr,['r'],2014-08-07 15:12:48.617000,3994.0,19.0,1.0
2854,937,1,0.0,3.0,2014-08-06 15:07:07.457000,3995.0,Does scikit-learn have a forward selection/stepwise regression algorithm?,['feature-selection'],2014-08-07 15:33:43.793000,3994.0,73.0,1.0
16853,937,1,0.0,54.0,2016-03-14 17:18:16.080000,3409.0,Does scikit-learn have a forward selection/stepwise regression algorithm?,['feature-selection'],2014-08-07 15:33:43.793000,3994.0,73.0,1.0
2841,942,1,0.0,4.0,2014-08-05 18:36:12.753000,3995.0,0,[],2014-08-08 00:25:04.210000,3993.0,0.0,0.0
1156,942,1,0.0,21.0,2014-08-04 19:28:38.173000,3996.0,0,[],2014-08-08 00:25:04.210000,3993.0,0.0,0.0
137874,945,1,0.0,0.0,0,0.0,Classifying Java exceptions,"['machine-learning', 'algorithms']",2014-08-08 10:01:25.400000,3993.0,27.0,2.0
2878,947,1,0.0,1.0,2014-08-08 10:01:25.400000,3993.0,0,[],2014-08-08 13:53:36.847000,3993.0,0.0,0.0
1279,947,1,0.0,25.0,2014-07-04 22:46:32.130000,4027.0,0,[],2014-08-08 13:53:36.847000,3993.0,0.0,0.0
14909,948,1,0.0,19.0,2015-12-21 19:40:44.957000,3492.0,Any clear winner for Data Science in Scala?,['tools'],2014-08-08 16:49:13.850000,3993.0,43.0,1.0
1281,948,1,0.0,2.0,2014-08-08 16:49:13.850000,3993.0,Any clear winner for Data Science in Scala?,['tools'],2014-08-08 16:49:13.850000,3993.0,43.0,1.0
1279,954,1,0.0,25.0,2014-07-04 22:46:32.130000,4027.0,OpenNLP Coreference Resolution (German),['nlp'],2014-08-11 07:59:22.780000,3990.0,39.0,1.0
979,954,1,0.0,10.0,2014-07-09 11:05:40.813000,4023.0,OpenNLP Coreference Resolution (German),['nlp'],2014-08-11 07:59:22.780000,3990.0,39.0,1.0
21,954,1,0.0,171.0,2014-05-14 12:32:29.503000,4079.0,OpenNLP Coreference Resolution (German),['nlp'],2014-08-11 07:59:22.780000,3990.0,39.0,1.0
84,955,1,0.0,25.0,2014-05-14 03:56:20.963000,4079.0,Coreference Resolution for German Texts,['machine-learning'],2014-08-11 12:25:47.700000,3990.0,39.0,1.0
2920,955,1,0.0,4.0,2014-08-12 07:57:03.283000,3989.0,Coreference Resolution for German Texts,['machine-learning'],2014-08-11 12:25:47.700000,3990.0,39.0,1.0
979,955,1,0.0,10.0,2014-07-09 11:05:40.813000,4023.0,Coreference Resolution for German Texts,['machine-learning'],2014-08-11 12:25:47.700000,3990.0,39.0,1.0
1237,957,1,0.0,4.0,2014-06-27 13:22:22.577000,4035.0,Multiple seasonality with ARIMA?,['time-series'],2014-08-11 15:19:02.047000,3990.0,32.0,1.0
2781,959,1,0.0,1.0,2014-07-30 11:45:08.313000,4002.0,0,[],2014-08-11 18:33:37.023000,3989.0,0.0,0.0
1193,961,1,0.0,2.0,2014-06-27 19:18:11.433000,4034.0,Why a restricted Boltzman machine (RBM) tends to learn very similar weights?,['rbm'],2014-08-11 21:13:36.230000,3989.0,76.0,1.0
1279,961,1,0.0,25.0,2014-07-04 22:46:32.130000,4027.0,Why a restricted Boltzman machine (RBM) tends to learn very similar weights?,['rbm'],2014-08-11 21:13:36.230000,3989.0,76.0,1.0
403,961,1,0.0,7.0,2014-06-09 21:51:53.793000,4052.0,Why a restricted Boltzman machine (RBM) tends to learn very similar weights?,['rbm'],2014-08-11 21:13:36.230000,3989.0,76.0,1.0
548,963,1,0.0,21.0,2014-06-16 04:21:36.340000,4046.0,Sentiment data for Emoji,"['machine-learning', 'parsing']",2014-08-12 07:57:03.283000,3989.0,24.0,2.0
16168,963,1,0.0,0.0,0,0.0,Sentiment data for Emoji,"['machine-learning', 'parsing']",2014-08-12 07:57:03.283000,3989.0,24.0,2.0
21,965,1,0.0,171.0,2014-05-14 12:32:29.503000,4079.0,Tool for finding correlations between data after some event,['correlation'],2014-08-12 08:54:34.903000,3989.0,59.0,1.0
2920,967,1,0.0,4.0,2014-08-12 07:57:03.283000,3989.0,0,[],2014-08-12 12:40:44.907000,3989.0,0.0,0.0
1279,967,1,0.0,25.0,2014-07-04 22:46:32.130000,4027.0,0,[],2014-08-12 12:40:44.907000,3989.0,0.0,0.0
471,968,1,0.0,65.0,2014-06-11 17:24:53.610000,4051.0,Understanding output stepAIC,"['data-mining', 'feature-selection']",2014-08-12 17:11:45.447000,3989.0,28.0,2.0
21,968,1,0.0,171.0,2014-05-14 12:32:29.503000,4079.0,Understanding output stepAIC,"['data-mining', 'feature-selection']",2014-08-12 17:11:45.447000,3989.0,28.0,2.0
21,973,1,0.0,171.0,2014-05-14 12:32:29.503000,4079.0,feature weights in structured support vector machine,['svm'],2014-08-13 20:53:15.443000,3987.0,52.0,1.0
2949,973,1,0.0,1.0,2014-08-13 20:53:15.443000,3987.0,feature weights in structured support vector machine,['svm'],2014-08-13 20:53:15.443000,3987.0,52.0,1.0
8030,974,1,0.0,2.0,2015-01-30 11:08:37.280000,3818.0,Nearest neighbors search for very high dimensional data,"['machine-learning', 'map-reduce']",2014-08-14 00:50:51.103000,3987.0,55.0,2.0
1237,976,1,0.0,4.0,2014-06-27 13:22:22.577000,4035.0,0,[],2014-08-14 17:28:40.453000,3987.0,0.0,0.0
1156,976,1,0.0,21.0,2014-08-04 19:28:38.173000,3996.0,0,[],2014-08-14 17:28:40.453000,3987.0,0.0,0.0
924,977,1,0.0,349.0,2014-06-25 15:42:19.287000,4037.0,Solutions for Continuous Online Cluster Identification?,['machine-learning'],2014-08-14 19:09:29.523000,3986.0,55.0,1.0
471,977,1,0.0,65.0,2014-06-11 17:24:53.610000,4051.0,Solutions for Continuous Online Cluster Identification?,['machine-learning'],2014-08-14 19:09:29.523000,3986.0,55.0,1.0
725,977,1,0.0,1.0,2014-08-14 19:09:29.523000,3986.0,Solutions for Continuous Online Cluster Identification?,['machine-learning'],2014-08-14 19:09:29.523000,3986.0,55.0,1.0
24657,977,1,0.0,2.0,2016-09-25 11:12:17.030000,3214.0,Solutions for Continuous Online Cluster Identification?,['machine-learning'],2014-08-14 19:09:29.523000,3986.0,55.0,1.0
2958,980,1,0.0,2.0,2014-08-15 13:10:20.937000,3986.0,0,[],2014-08-15 14:00:14.927000,3986.0,0.0,0.0
2452,980,1,0.0,90.0,2014-07-11 09:49:32.933000,4021.0,0,[],2014-08-15 14:00:14.927000,3986.0,0.0,0.0
381,985,1,0.0,226.0,2014-06-08 07:03:43.710000,4054.0,Can I use unsupervised learning followed by supervised learning?,"['machine-learning', 'clustering']",2014-08-16 11:05:43.353000,3985.0,64.0,2.0
1281,985,1,0.0,2.0,2014-08-08 16:49:13.850000,3993.0,Can I use unsupervised learning followed by supervised learning?,"['machine-learning', 'clustering']",2014-08-16 11:05:43.353000,3985.0,64.0,2.0
15521,985,1,0.0,0.0,0,0.0,Can I use unsupervised learning followed by supervised learning?,"['machine-learning', 'clustering']",2014-08-16 11:05:43.353000,3985.0,64.0,2.0
52362,985,1,0.0,2.0,2023-12-05 16:33:33.687000,587.0,Can I use unsupervised learning followed by supervised learning?,"['machine-learning', 'clustering']",2014-08-16 11:05:43.353000,3985.0,64.0,2.0
2979,987,1,0.0,1.0,2014-08-17 17:29:44.123000,3984.0,Text categorization: combining different kind of features,"['machine-learning', 'feature-selection', 'information-retrieval']",2014-08-17 17:29:44.123000,3984.0,57.0,3.0
nan,987,1,0.0,0.0,0,0.0,Text categorization: combining different kind of features,"['machine-learning', 'feature-selection', 'information-retrieval']",2014-08-17 17:29:44.123000,3984.0,57.0,3.0
1279,989,1,0.0,25.0,2014-07-04 22:46:32.130000,4027.0,SVM using scikit learn runs endlessly and never completes execution,"['python', 'scikit-learn']",2014-08-18 10:46:57.360000,3983.0,67.0,2.0
54669,989,1,0.0,0.0,0,0.0,SVM using scikit learn runs endlessly and never completes execution,"['python', 'scikit-learn']",2014-08-18 10:46:57.360000,3983.0,67.0,2.0
56521,989,1,0.0,3.0,2018-12-03 22:18:18.333000,2414.0,SVM using scikit learn runs endlessly and never completes execution,"['python', 'scikit-learn']",2014-08-18 10:46:57.360000,3983.0,67.0,2.0
2979,991,1,0.0,1.0,2014-08-17 17:29:44.123000,3984.0,0,[],2014-08-18 13:35:28,3983.0,0.0,0.0
1279,991,1,0.0,25.0,2014-07-04 22:46:32.130000,4027.0,0,[],2014-08-18 13:35:28,3983.0,0.0,0.0
21,993,1,0.0,171.0,2014-05-14 12:32:29.503000,4079.0,0,[],2014-08-18 16:28:02.147000,3983.0,0.0,0.0
2853,993,1,0.0,13.0,2014-08-06 13:42:54.083000,3995.0,0,[],2014-08-18 16:28:02.147000,3983.0,0.0,0.0
1241,995,1,0.0,9.0,2014-07-28 16:23:39.600000,4004.0,0,[],2014-08-18 17:25:27.007000,3983.0,0.0,0.0
1256,995,1,0.0,16.0,2014-08-18 17:05:19.957000,3983.0,0,[],2014-08-18 17:25:27.007000,3983.0,0.0,0.0
964,995,1,0.0,22.0,2014-06-20 19:15:52.093000,4041.0,0,[],2014-08-18 17:25:27.007000,3983.0,0.0,0.0
90220,996,1,0.0,10.0,2020-03-27 19:04:39.473000,1934.0,0,[],2014-08-19 00:56:40.890000,3982.0,0.0,0.0
2969,997,1,0.0,3.0,2014-08-19 13:33:32.453000,3982.0,Where can I find free spatio-temporal dataset for download?,"['dataset', 'freebase']",2014-08-19 03:41:24.207000,3982.0,59.0,2.0
2972,997,1,0.0,1.0,2014-08-19 03:41:24.207000,3982.0,Where can I find free spatio-temporal dataset for download?,"['dataset', 'freebase']",2014-08-19 03:41:24.207000,3982.0,59.0,2.0
14013,998,1,0.0,0.0,0,0.0,0,[],2014-08-19 13:33:32.453000,3982.0,0.0,0.0
93828,998,1,0.0,0.0,0,0.0,0,[],2014-08-19 13:33:32.453000,3982.0,0.0,0.0
64553,998,1,0.0,6.0,2018-12-19 01:38:52.730000,2399.0,0,[],2014-08-19 13:33:32.453000,3982.0,0.0,0.0
60813,998,1,0.0,5.0,2019-05-26 14:43:22.257000,2241.0,0,[],2014-08-19 13:33:32.453000,3982.0,0.0,0.0
1241,999,1,0.0,9.0,2014-07-28 16:23:39.600000,4004.0,0,[],2014-08-19 14:13:07.147000,3982.0,0.0,0.0
1256,999,1,0.0,16.0,2014-08-18 17:05:19.957000,3983.0,0,[],2014-08-19 14:13:07.147000,3982.0,0.0,0.0
2861,1006,1,0.0,9.0,2014-08-07 09:33:50.817000,3994.0,0,[],2014-08-20 05:43:08.610000,3981.0,0.0,0.0
2452,1006,1,0.0,90.0,2014-07-11 09:49:32.933000,4021.0,0,[],2014-08-20 05:43:08.610000,3981.0,0.0,0.0
471,1007,1,0.0,65.0,2014-06-11 17:24:53.610000,4051.0,Looking for Web scraping tool for unstructured data,['tools'],2014-08-20 14:12:03.870000,3981.0,51.0,1.0
21,1007,1,0.0,171.0,2014-05-14 12:32:29.503000,4079.0,Looking for Web scraping tool for unstructured data,['tools'],2014-08-20 14:12:03.870000,3981.0,51.0,1.0
471,1010,1,0.0,65.0,2014-06-11 17:24:53.610000,4051.0,0,[],2014-08-20 19:08:39.807000,3980.0,0.0,0.0
2861,1010,1,0.0,9.0,2014-08-07 09:33:50.817000,3994.0,0,[],2014-08-20 19:08:39.807000,3980.0,0.0,0.0
21,1017,1,0.0,171.0,2014-05-14 12:32:29.503000,4079.0,How can I model open environment in reinforcement learning?,['machine-learning'],2014-08-21 10:13:54.130000,3980.0,59.0,1.0
609,1017,1,0.0,34.0,2014-06-10 22:29:52.873000,4051.0,How can I model open environment in reinforcement learning?,['machine-learning'],2014-08-21 10:13:54.130000,3980.0,59.0,1.0
92,1020,1,0.0,7.0,2014-05-15 21:41:22.703000,4077.0,Available data about 'likers' as a page on Facebook,['social-network-analysis'],2014-08-22 14:01:23.640000,3979.0,51.0,1.0
21,1021,1,0.0,171.0,2014-05-14 12:32:29.503000,4079.0,Extract canonical string from a list of noisy strings,"['nlp', 'information-retrieval']",2014-08-22 15:59:07.097000,3979.0,53.0,2.0
609,1021,1,0.0,34.0,2014-06-10 22:29:52.873000,4051.0,Extract canonical string from a list of noisy strings,"['nlp', 'information-retrieval']",2014-08-22 15:59:07.097000,3979.0,53.0,2.0
3047,1021,1,0.0,1.0,2014-08-22 15:59:07.097000,3979.0,Extract canonical string from a list of noisy strings,"['nlp', 'information-retrieval']",2014-08-22 15:59:07.097000,3979.0,53.0,2.0
2474,1021,1,0.0,0.0,0,0.0,Extract canonical string from a list of noisy strings,"['nlp', 'information-retrieval']",2014-08-22 15:59:07.097000,3979.0,53.0,2.0
21,1022,1,0.0,171.0,2014-05-14 12:32:29.503000,4079.0,0,[],2014-08-22 18:27:04.377000,3978.0,0.0,0.0
941,1022,1,0.0,19.0,2014-06-18 14:15:37.957000,4044.0,0,[],2014-08-22 18:27:04.377000,3978.0,0.0,0.0
9123,1027,1,0.0,83.0,2015-05-12 10:10:58.977000,3716.0,0,[],2014-08-23 15:25:44.903000,3978.0,0.0,0.0
548,1028,1,0.0,21.0,2014-06-16 04:21:36.340000,4046.0,Do Random Forest overfit?,['machine-learning'],2014-08-23 16:54:06.380000,3978.0,25.0,1.0
1241,1028,1,0.0,9.0,2014-07-28 16:23:39.600000,4004.0,Do Random Forest overfit?,['machine-learning'],2014-08-23 16:54:06.380000,3978.0,25.0,1.0
2723,1028,1,0.0,32.0,2014-12-05 15:29:04.743000,3874.0,Do Random Forest overfit?,['machine-learning'],2014-08-23 16:54:06.380000,3978.0,25.0,1.0
21,1029,1,0.0,171.0,2014-05-14 12:32:29.503000,4079.0,"Which one will be the dominating programming language for next 5 years for analytics , machine learning . R or python or SAS","['machine-learning', 'python']",2014-08-23 19:34:09.417000,3977.0,124.0,2.0
1241,1030,1,0.0,9.0,2014-07-28 16:23:39.600000,4004.0,0,[],2014-08-23 20:05:38.700000,3977.0,0.0,0.0
2452,1030,1,0.0,90.0,2014-07-11 09:49:32.933000,4021.0,0,[],2014-08-23 20:05:38.700000,3977.0,0.0,0.0
471,1030,1,0.0,65.0,2014-06-11 17:24:53.610000,4051.0,0,[],2014-08-23 20:05:38.700000,3977.0,0.0,0.0
375,1037,1,0.0,7.0,2014-06-06 14:55:18.867000,4056.0,0,[],2014-08-25 03:01:09.837000,3976.0,0.0,0.0
21,1038,1,0.0,171.0,2014-05-14 12:32:29.503000,4079.0,Hive External table does not showing in Namenode (Cloudera-QuickstartVm),['bigdata'],2014-08-25 09:53:13.823000,3976.0,72.0,1.0
1241,1041,1,0.0,9.0,2014-07-28 16:23:39.600000,4004.0,0,[],2014-08-26 07:14:54.767000,3975.0,0.0,0.0
21,1044,1,0.0,171.0,2014-05-14 12:32:29.503000,4079.0,"which programming language has a large library that can do machine learning algorithm, R, matlab or python","['machine-learning', 'data-mining', 'r']",2014-08-26 14:53:40.647000,3975.0,106.0,3.0
836,1044,1,0.0,453.0,2014-06-26 22:58:32.380000,4035.0,"which programming language has a large library that can do machine learning algorithm, R, matlab or python","['machine-learning', 'data-mining', 'r']",2014-08-26 14:53:40.647000,3975.0,106.0,3.0
1241,1044,1,0.0,9.0,2014-07-28 16:23:39.600000,4004.0,"which programming language has a large library that can do machine learning algorithm, R, matlab or python","['machine-learning', 'data-mining', 'r']",2014-08-26 14:53:40.647000,3975.0,106.0,3.0
2668,1045,1,0.0,4.0,2014-07-22 21:12:08.333000,4009.0,Using Shark with Apache Spark,['apache-hadoop'],2014-08-26 21:37:12.107000,3974.0,29.0,1.0
403,1045,1,0.0,7.0,2014-06-09 21:51:53.793000,4052.0,Using Shark with Apache Spark,['apache-hadoop'],2014-08-26 21:37:12.107000,3974.0,29.0,1.0
3050,1045,1,0.0,2.0,2014-08-26 21:37:12.107000,3974.0,Using Shark with Apache Spark,['apache-hadoop'],2014-08-26 21:37:12.107000,3974.0,29.0,1.0
21,1045,1,0.0,171.0,2014-05-14 12:32:29.503000,4079.0,Using Shark with Apache Spark,['apache-hadoop'],2014-08-26 21:37:12.107000,3974.0,29.0,1.0
684,1046,1,0.0,9.0,2014-06-19 19:29:57.797000,4042.0,0,[],2014-08-26 21:51:07.247000,3974.0,0.0,0.0
67149,1046,1,0.0,2.0,2019-11-30 12:18:24.763000,2053.0,0,[],2014-08-26 21:51:07.247000,3974.0,0.0,0.0
1281,1053,1,0.0,2.0,2014-08-08 16:49:13.850000,3993.0,Summarize and visualize a CSV in Java/Scala?,"['tools', 'scala']",2014-08-28 01:36:40.540000,3973.0,44.0,2.0
21,1058,1,0.0,171.0,2014-05-14 12:32:29.503000,4079.0,How much data space is used by all scientific articles?,['bigdata'],2014-08-29 01:36:36.320000,3972.0,55.0,1.0
471,1058,1,0.0,65.0,2014-06-11 17:24:53.610000,4051.0,How much data space is used by all scientific articles?,['bigdata'],2014-08-29 01:36:36.320000,3972.0,55.0,1.0
3128,1058,1,0.0,1.0,2014-08-29 01:36:36.320000,3972.0,How much data space is used by all scientific articles?,['bigdata'],2014-08-29 01:36:36.320000,3972.0,55.0,1.0
2452,1058,1,0.0,90.0,2014-07-11 09:49:32.933000,4021.0,How much data space is used by all scientific articles?,['bigdata'],2014-08-29 01:36:36.320000,3972.0,55.0,1.0
1281,1060,1,0.0,2.0,2014-08-08 16:49:13.850000,3993.0,0,[],2014-08-29 10:42:14.957000,3972.0,0.0,0.0
2668,1060,1,0.0,4.0,2014-07-22 21:12:08.333000,4009.0,0,[],2014-08-29 10:42:14.957000,3972.0,0.0,0.0
21,1061,1,0.0,171.0,2014-05-14 12:32:29.503000,4079.0,Apps to manage/host data sets,['dataset'],2014-08-29 11:40:28.657000,3972.0,29.0,1.0
3133,1061,1,0.0,1.0,2014-08-29 11:40:28.657000,3972.0,Apps to manage/host data sets,['dataset'],2014-08-29 11:40:28.657000,3972.0,29.0,1.0
471,1061,1,0.0,65.0,2014-06-11 17:24:53.610000,4051.0,Apps to manage/host data sets,['dataset'],2014-08-29 11:40:28.657000,3972.0,29.0,1.0
1281,1063,1,0.0,2.0,2014-08-08 16:49:13.850000,3993.0,0,[],2014-08-30 17:05:23.197000,3971.0,0.0,0.0
924,1063,1,0.0,349.0,2014-06-25 15:42:19.287000,4037.0,0,[],2014-08-30 17:05:23.197000,3971.0,0.0,0.0
3128,1066,1,0.0,1.0,2014-08-29 01:36:36.320000,3972.0,0,[],2014-09-01 00:01:58.917000,3969.0,0.0,0.0
1281,1068,1,0.0,2.0,2014-08-08 16:49:13.850000,3993.0,0,[],2014-09-01 08:10:56.967000,3969.0,0.0,0.0
8820,1069,1,0.0,224.0,2015-03-25 19:45:31.320000,3763.0,Kappa From Combined Confusion Matrices,['machine-learning'],2014-09-02 03:24:12.793000,3968.0,38.0,1.0
21,1069,1,0.0,171.0,2014-05-14 12:32:29.503000,4079.0,Kappa From Combined Confusion Matrices,['machine-learning'],2014-09-02 03:24:12.793000,3968.0,38.0,1.0
1281,1071,1,0.0,2.0,2014-08-08 16:49:13.850000,3993.0,How is the concept of data different for different disciplines?,['definitions'],2014-09-02 09:48:08.150000,3968.0,63.0,1.0
2511,1072,1,0.0,12.0,2014-07-16 07:47:48.603000,4016.0,0,[],2014-09-02 14:01:07.407000,3968.0,0.0,0.0
3181,1072,1,0.0,1.0,2014-09-02 14:01:07.407000,3968.0,0,[],2014-09-02 14:01:07.407000,3968.0,0.0,0.0
3248,1073,1,0.0,0.0,0,0.0,Libraries for Online Machine Learning,['machine-learning'],2014-09-02 19:17:43.210000,3967.0,37.0,1.0
802,1073,1,0.0,9.0,2014-07-14 13:53:28.437000,4018.0,Libraries for Online Machine Learning,['machine-learning'],2014-09-02 19:17:43.210000,3967.0,37.0,1.0
3596,1073,1,0.0,2.0,2014-10-09 10:50:39.197000,3931.0,Libraries for Online Machine Learning,['machine-learning'],2014-09-02 19:17:43.210000,3967.0,37.0,1.0
1279,1075,1,0.0,25.0,2014-07-04 22:46:32.130000,4027.0,Hadoop for grid computing,['apache-hadoop'],2014-09-04 18:13:57.343000,3965.0,25.0,1.0
3203,1075,1,0.0,1.0,2014-09-04 18:13:57.343000,3965.0,Hadoop for grid computing,['apache-hadoop'],2014-09-04 18:13:57.343000,3965.0,25.0,1.0
21,1075,1,0.0,171.0,2014-05-14 12:32:29.503000,4079.0,Hadoop for grid computing,['apache-hadoop'],2014-09-04 18:13:57.343000,3965.0,25.0,1.0
1256,1075,1,0.0,16.0,2014-08-18 17:05:19.957000,3983.0,Hadoop for grid computing,['apache-hadoop'],2014-09-04 18:13:57.343000,3965.0,25.0,1.0
802,1076,1,0.0,9.0,2014-07-14 13:53:28.437000,4018.0,0,[],2014-09-05 06:17:28.533000,3965.0,0.0,0.0
1279,1076,1,0.0,25.0,2014-07-04 22:46:32.130000,4027.0,0,[],2014-09-05 06:17:28.533000,3965.0,0.0,0.0
1399,1076,1,0.0,5.0,2014-07-08 14:32:55.827000,4024.0,0,[],2014-09-05 06:17:28.533000,3965.0,0.0,0.0
15955,1076,1,0.0,1.0,2016-02-03 06:14:48.873000,3449.0,0,[],2014-09-05 06:17:28.533000,3965.0,0.0,0.0
1279,1077,1,0.0,25.0,2014-07-04 22:46:32.130000,4027.0,0,[],2014-09-05 11:00:22.053000,3965.0,0.0,0.0
3203,1077,1,0.0,1.0,2014-09-04 18:13:57.343000,3965.0,0,[],2014-09-05 11:00:22.053000,3965.0,0.0,0.0
3466,1079,1,0.0,28.0,2014-09-29 17:46:58.617000,3941.0,Data sets for evaluating text retrieval quality,"['dataset', 'similarity']",2014-09-05 14:47:52.127000,3965.0,47.0,2.0
21,1079,1,0.0,171.0,2014-05-14 12:32:29.503000,4079.0,Data sets for evaluating text retrieval quality,"['dataset', 'similarity']",2014-09-05 14:47:52.127000,3965.0,47.0,2.0
3178,1081,1,0.0,1.0,2014-09-02 09:48:08.150000,3968.0,0,[],2014-09-05 16:36:03.227000,3965.0,0.0,0.0
3152,1081,1,0.0,6.0,2014-09-01 00:01:58.917000,3969.0,0,[],2014-09-05 16:36:03.227000,3965.0,0.0,0.0
609,1084,1,0.0,34.0,2014-06-10 22:29:52.873000,4051.0,0,[],2014-09-07 01:08:04.330000,3963.0,0.0,0.0
1279,1084,1,0.0,25.0,2014-07-04 22:46:32.130000,4027.0,0,[],2014-09-07 01:08:04.330000,3963.0,0.0,0.0
3215,1084,1,0.0,1.0,2014-09-05 12:08:11.347000,3965.0,0,[],2014-09-07 01:08:04.330000,3963.0,0.0,0.0
961,1085,1,0.0,0.0,0,0.0,0,[],2014-09-07 08:02:39.670000,3963.0,0.0,0.0
21,1086,1,0.0,171.0,2014-05-14 12:32:29.503000,4079.0,non query-based document ranking,"['machine-learning', 'text-mining']",2014-09-07 22:51:27.490000,3962.0,32.0,2.0
3232,1086,1,0.0,2.0,2014-09-07 22:51:27.490000,3962.0,non query-based document ranking,"['machine-learning', 'text-mining']",2014-09-07 22:51:27.490000,3962.0,32.0,2.0
3232,1087,1,0.0,2.0,2014-09-07 22:51:27.490000,3962.0,0,[],2014-09-08 00:47:21.590000,3962.0,0.0,0.0
819,1087,1,0.0,24.0,2014-06-20 04:09:04.230000,4042.0,0,[],2014-09-08 00:47:21.590000,3962.0,0.0,0.0
836,1092,1,0.0,453.0,2014-06-26 22:58:32.380000,4035.0,Machine learning libraries for Ruby,['machine-learning'],2014-09-08 21:25:26.183000,3961.0,35.0,1.0
2487,1092,1,0.0,2.0,2014-09-08 21:25:26.183000,3961.0,Machine learning libraries for Ruby,['machine-learning'],2014-09-08 21:25:26.183000,3961.0,35.0,1.0
8820,1095,1,0.0,224.0,2015-03-25 19:45:31.320000,3763.0,Gini coefficient vs Gini impurity - decision trees,['data-mining'],2014-09-09 12:44:16.967000,3961.0,50.0,1.0
3244,1096,1,0.0,1.0,2014-09-08 19:33:00.253000,3961.0,0,[],2014-09-09 15:05:46.093000,3961.0,0.0,0.0
819,1096,1,0.0,24.0,2014-06-20 04:09:04.230000,4042.0,0,[],2014-09-09 15:05:46.093000,3961.0,0.0,0.0
381,1096,1,0.0,226.0,2014-06-08 07:03:43.710000,4054.0,0,[],2014-09-09 15:05:46.093000,3961.0,0.0,0.0
3244,1098,1,0.0,1.0,2014-09-08 19:33:00.253000,3961.0,0,[],2014-09-10 07:33:06.470000,3960.0,0.0,0.0
41062,1099,1,0.0,0.0,0,0.0,0,[],2014-09-10 08:15:17.343000,3960.0,0.0,0.0
21,1099,1,0.0,171.0,2014-05-14 12:32:29.503000,4079.0,0,[],2014-09-10 08:15:17.343000,3960.0,0.0,0.0
92,1100,1,0.0,7.0,2014-05-15 21:41:22.703000,4077.0,Neural net for server monitoring,['machine-learning'],2014-09-10 14:50:13.720000,3960.0,32.0,1.0
3263,1100,1,0.0,1.0,2014-09-10 14:50:13.720000,3960.0,Neural net for server monitoring,['machine-learning'],2014-09-10 14:50:13.720000,3960.0,32.0,1.0
2723,1100,1,0.0,32.0,2014-12-05 15:29:04.743000,3874.0,Neural net for server monitoring,['machine-learning'],2014-09-10 14:50:13.720000,3960.0,32.0,1.0
3457,1100,1,0.0,4.0,2014-10-02 08:17:03.253000,3938.0,Neural net for server monitoring,['machine-learning'],2014-09-10 14:50:13.720000,3960.0,32.0,1.0
21,1101,1,0.0,171.0,2014-05-14 12:32:29.503000,4079.0,0,[],2014-09-10 15:52:04.743000,3960.0,0.0,0.0
979,1101,1,0.0,10.0,2014-07-09 11:05:40.813000,4023.0,0,[],2014-09-10 15:52:04.743000,3960.0,0.0,0.0
21,1103,1,0.0,171.0,2014-05-14 12:32:29.503000,4079.0,0,[],2014-09-12 00:40:07.877000,3958.0,0.0,0.0
819,1103,1,0.0,24.0,2014-06-20 04:09:04.230000,4042.0,0,[],2014-09-12 00:40:07.877000,3958.0,0.0,0.0
2785,1103,1,0.0,2.0,2014-07-30 13:55:36.187000,4002.0,0,[],2014-09-12 00:40:07.877000,3958.0,0.0,0.0
3279,1104,1,0.0,1.0,2014-09-12 04:22:38.823000,3958.0,Modeling Pipeline Budget,['recommender-system'],2014-09-12 04:22:38.823000,3958.0,24.0,1.0
21,1104,1,0.0,171.0,2014-05-14 12:32:29.503000,4079.0,Modeling Pipeline Budget,['recommender-system'],2014-09-12 04:22:38.823000,3958.0,24.0,1.0
471,1105,1,0.0,65.0,2014-06-11 17:24:53.610000,4051.0,Logistic Regression implementation does not converge,['logistic-regression'],2014-09-12 11:06:48.203000,3958.0,52.0,1.0
3283,1105,1,0.0,1.0,2014-09-12 11:06:48.203000,3958.0,Logistic Regression implementation does not converge,['logistic-regression'],2014-09-12 11:06:48.203000,3958.0,52.0,1.0
95,1106,1,0.0,2.0,2014-07-23 08:06:21.417000,4009.0,How to build a textual search engine?,['machine-learning'],2014-09-12 11:48:21.617000,3958.0,37.0,1.0
1279,1106,1,0.0,25.0,2014-07-04 22:46:32.130000,4027.0,How to build a textual search engine?,['machine-learning'],2014-09-12 11:48:21.617000,3958.0,37.0,1.0
3284,1106,1,0.0,1.0,2014-09-12 11:48:21.617000,3958.0,How to build a textual search engine?,['machine-learning'],2014-09-12 11:48:21.617000,3958.0,37.0,1.0
3445,1106,1,0.0,1.0,2014-09-27 21:58:42.477000,3942.0,How to build a textual search engine?,['machine-learning'],2014-09-12 11:48:21.617000,3958.0,37.0,1.0
55122,1107,1,0.0,466.0,2019-01-17 20:26:02.717000,2369.0,Quick guide into training highly imbalanced data sets,"['machine-learning', 'dataset']",2014-09-12 15:20:51.767000,3958.0,53.0,2.0
3294,1108,1,0.0,1.0,2014-09-13 15:36:19.867000,3957.0,Kappa near to 60% in unbalanced (1:10) data set,"['r', 'gbm']",2014-09-12 16:26:15.827000,3958.0,47.0,2.0
16812,1109,1,0.0,6.0,2016-03-06 16:05:46.777000,3417.0,0,[],2014-09-12 20:30:51.740000,3957.0,0.0,0.0
23380,1109,1,0.0,9.0,2016-08-13 10:00:33.930000,3257.0,0,[],2014-09-12 20:30:51.740000,3957.0,0.0,0.0
1279,1113,1,0.0,25.0,2014-07-04 22:46:32.130000,4027.0,General approahces for grouping a continuous variable based on text data?,"['bigdata', 'text-mining']",2014-09-13 17:13:23.373000,3957.0,73.0,2.0
36,1113,1,0.0,3.0,2014-05-14 00:11:06.457000,4079.0,General approahces for grouping a continuous variable based on text data?,"['bigdata', 'text-mining']",2014-09-13 17:13:23.373000,3957.0,73.0,2.0
